,x,y,elevation,demand,tw a,tw b,s,0,1,2,3,4,5,6,7,8,9,10,11,12,13,14,15,16,17,18,19,20,21,22,23,24,25,26,27,28,29,30,31,32,33,34,35,36,37,38,39,40,41,42,43,44,45,46,47,48,49,50,51,52,53,54,55,56,57,58,59,60,61,62,63,64,65,66,67,68,69,70,71,72,73,74,75,76,77,78,79,80,81,82,83,84,85,86,87,88,89,90,91,92,93,94,95,96,97,98,99,100
0,33.56496,130.41618,11.17831707,,,,,0.0,2.962,2.798,2.415,2.472,1.196,1.489,1.968,1.093,3.066,2.551,1.474,1.407,1.8,1.312,1.832,3.102,2.316,1.605,1.332,1.47,2.242,1.278,1.675,2.532,2.179,2.45,2.378,1.434,2.04,2.707,2.027,2.879,2.233,2.624,2.293,2.247,1.745,1.973,2.745,2.184,1.518,3.225,2.325,1.833,1.957,1.187,1.498,2.382,2.597,1.164,1.524,1.202,1.151,2.015,1.36,1.934,1.599,2.535,2.445,2.196,1.671,2.368,1.52,1.686,2.143,1.839,2.205,1.598,2.107,2.426,1.883,2.518,1.531,1.509,1.242,2.473,1.324,1.471,2.292,2.564,1.753,1.648,2.065,2.008,2.215,1.907,1.633,1.972,1.537,1.505,2.695,1.307,1.964,1.947,3.031,2.425,2.241,2.667,1.49,2.718
1,33.54513268,130.4173464,27.43100739,5.0,0.0,104.0,5.0,2.962,0.0,0.215,0.666,1.824,3.052,3.346,3.825,1.942,0.135,1.903,3.33,1.676,1.082,1.755,1.13,0.172,0.794,2.35,2.181,2.699,0.831,3.134,3.532,0.782,1.532,1.803,1.73,1.616,1.397,0.722,0.934,0.195,1.586,0.639,1.645,1.6,1.272,1.326,2.098,1.039,2.263,1.032,1.677,1.085,1.096,2.244,1.464,1.734,1.479,3.02,3.38,1.759,1.896,1.733,2.029,1.596,1.352,0.743,1.798,2.141,1.78,1.397,1.441,1.795,1.05,1.03,0.893,3.454,0.978,1.779,1.236,1.87,1.64,2.255,2.091,1.826,2.069,2.32,1.645,1.917,3.609,3.504,1.421,1.36,1.755,1.259,3.489,1.325,2.386,3.362,0.711,2.156,3.82,1.304,0.069,0.599,1.78,2.019,3.347,0.242
2,33.5457435,130.4189275,22.43844795,15.0,29.0,80.0,5.0,2.798,0.215,0.0,0.502,1.661,2.889,3.182,3.661,1.778,0.352,1.74,3.167,1.513,0.918,1.592,0.966,0.388,0.631,2.187,2.018,2.536,0.667,2.971,3.368,0.619,1.368,1.639,1.567,1.452,1.234,0.559,0.771,0.076,1.422,0.476,1.482,1.436,1.109,1.162,1.934,0.875,2.1,0.869,1.514,0.922,0.933,2.081,1.301,1.571,1.341,2.857,3.217,1.596,1.733,1.57,1.866,1.433,1.189,0.58,1.634,1.978,1.616,1.233,1.278,1.632,0.886,0.867,0.729,3.29,0.814,1.616,1.072,1.707,1.477,2.091,1.928,1.662,1.906,2.157,1.481,1.753,3.446,3.341,1.258,1.197,1.592,1.096,3.326,1.161,2.223,3.198,0.547,1.992,3.657,1.141,0.284,0.436,1.617,1.856,3.183,0.078
3,33.54861511,130.4167292,25.86719894,9.0,65.0,97.0,5.0,2.415,0.666,0.502,0.0,1.278,2.506,2.799,3.278,1.395,0.77,1.357,2.784,1.13,0.535,1.208,0.583,0.806,0.29,1.803,1.635,2.153,0.284,2.588,2.985,0.115,0.985,1.256,1.184,1.069,0.85,0.411,0.388,0.583,1.039,0.328,1.099,1.053,0.726,0.779,1.551,0.936,1.717,0.929,1.131,0.539,0.55,1.698,0.918,1.188,0.958,2.474,2.833,1.213,1.349,1.187,1.483,1.049,0.805,0.239,1.251,1.594,1.233,0.85,0.895,1.249,0.503,0.362,0.346,2.907,0.431,1.232,0.689,1.324,1.094,0.645,1.545,1.279,1.523,1.773,1.098,1.37,3.063,2.958,0.875,0.814,1.208,0.713,2.943,0.778,1.84,2.815,0.399,1.609,3.274,0.757,0.735,0.129,1.234,1.473,2.8,0.422
4,33.54744299,130.4067574,24.64764404,14.0,15.0,59.0,5.0,2.472,1.824,1.661,1.278,0.0,1.493,1.786,0.985,1.451,1.928,0.2,1.505,1.186,1.007,1.265,0.695,1.965,1.178,1.86,1.691,2.209,1.105,1.575,1.519,1.394,0.63,0.589,0.094,1.126,0.571,1.569,0.89,1.741,0.325,1.486,0.607,0.311,0.782,0.759,0.394,2.094,1.773,2.088,0.639,0.965,0.82,1.754,0.974,0.695,1.46,2.53,1.82,1.269,1.406,0.599,1.539,1.106,0.862,1.397,0.759,0.438,1.29,0.926,0.951,1.305,1.005,1.458,1.067,1.478,0.969,0.74,0.588,0.167,1.15,1.764,1.601,0.611,1.579,1.83,0.192,0.878,1.428,1.323,0.931,0.561,0.64,0.614,1.159,0.611,1.896,1.802,1.557,1.666,0.98,0.814,1.893,1.287,0.666,0.981,1.521,1.58
5,33.55605378,130.4092206,16.24143028,10.0,52.0,87.0,5.0,1.196,3.052,2.889,2.506,1.493,0.0,0.293,0.795,1.196,3.169,1.536,0.201,1.51,1.903,1.415,1.935,3.205,2.419,1.708,1.435,1.573,2.346,0.082,0.479,2.635,2.282,2.553,1.442,1.537,2.143,2.81,2.13,2.982,2.336,2.727,2.396,2.35,1.849,2.076,1.2,2.287,1.621,3.329,2.428,1.936,2.061,1.29,1.601,2.485,2.7,0.273,0.328,1.306,1.254,0.842,0.469,0.761,1.702,2.638,2.548,1.023,1.774,2.472,1.623,1.789,2.246,1.942,2.308,0.402,2.21,2.53,1.986,1.503,1.634,1.612,1.345,2.576,1.427,1.574,1.54,2.667,0.58,0.475,2.168,2.111,1.042,2.01,0.46,2.075,1.64,0.309,2.798,1.41,0.791,2.05,3.134,2.528,1.068,2.77,0.185,2.821
6,33.55422827,130.4094403,20.07995605,14.0,49.0,71.0,5.0,1.489,3.346,3.182,2.799,1.786,0.293,0.0,0.584,1.489,3.462,1.607,0.232,1.804,2.196,1.708,2.229,3.499,2.712,2.001,1.728,1.866,2.639,0.313,0.206,2.928,2.575,2.847,1.512,1.83,2.437,3.103,2.424,3.275,2.63,3.02,2.689,2.644,2.142,2.369,1.27,2.581,1.915,3.622,2.721,2.229,2.354,1.583,1.894,2.778,2.994,0.505,0.126,1.599,1.547,0.669,0.7,0.492,1.996,2.931,2.842,1.093,2.067,2.765,1.917,2.083,2.539,2.235,2.601,0.246,2.503,2.823,2.28,1.574,1.928,1.906,1.639,2.869,1.72,1.867,1.611,2.961,0.311,0.206,2.461,2.404,0.869,2.303,0.53,2.368,1.934,0.108,3.091,1.703,0.588,2.344,3.427,2.821,0.895,3.063,0.216,3.114
7,33.55166875,130.4077234,22.94584656,9.0,64.0,94.0,5.0,1.968,3.825,3.661,3.278,0.985,0.795,0.584,0.0,1.952,4.577,0.534,0.838,2.267,2.659,2.171,3.344,4.614,3.827,2.464,2.192,2.329,3.754,0.907,0.851,4.043,3.279,2.846,1.041,2.294,0.452,4.218,3.539,4.391,2.935,4.135,3.058,2.949,2.605,0.768,0.405,4.743,2.378,4.737,3.011,2.692,3.469,2.046,2.357,3.031,3.957,1.098,0.885,2.062,2.01,0.18,1.294,0.941,2.459,4.047,3.21,0.252,2.53,3.378,2.38,2.546,3.654,2.699,3.717,0.811,3.618,3.113,3.237,0.567,2.391,2.369,2.102,2.869,2.183,2.331,1.139,3.251,0.76,0.656,0.487,3.21,0.381,3.263,0.491,3.26,2.397,0.867,4.207,2.166,0.004,0.683,4.542,3.936,0.406,3.353,0.854,4.23
8,33.55594777,130.415099,12.20241261,7.0,24.0,59.0,5.0,1.093,1.942,1.778,1.395,1.451,1.196,1.489,1.952,0.0,2.045,1.531,1.461,0.387,0.78,0.292,0.812,2.082,1.296,0.584,0.239,0.83,1.222,1.265,1.663,1.512,1.159,1.43,1.358,0.414,1.02,1.686,1.007,1.859,1.213,1.604,1.273,1.227,0.725,0.953,1.725,1.092,0.498,1.098,1.305,0.812,0.937,0.375,0.477,1.361,1.577,1.151,1.511,0.182,0.131,2.002,0.74,1.219,0.579,1.515,1.425,2.183,0.651,1.348,0.5,0.666,1.123,0.819,1.185,1.585,1.086,1.406,0.863,1.498,0.511,0.489,0.15,1.453,0.304,0.378,1.272,1.544,1.74,1.635,1.044,0.987,1.378,0.887,1.62,0.952,0.445,1.493,1.675,0.214,1.951,0.927,2.011,1.405,1.404,1.647,1.477,1.698
9,33.54431405,130.4181956,24.68114662,8.0,61.0,91.0,5.0,3.066,0.135,0.352,0.77,1.928,3.169,3.462,4.577,2.045,0.0,2.007,3.434,1.78,1.185,1.859,1.233,0.037,0.898,2.454,2.285,2.803,0.934,3.238,3.636,0.886,1.635,1.907,1.834,1.72,1.501,0.826,1.038,0.332,1.69,0.743,1.749,1.704,1.376,1.429,2.201,1.142,2.367,1.136,1.781,1.189,1.2,2.348,1.568,1.838,1.616,3.124,3.484,1.863,2.0,1.837,2.133,1.7,1.456,0.847,1.902,2.245,1.883,1.501,1.545,1.899,1.153,1.134,0.996,3.558,1.082,1.883,1.34,1.974,1.744,2.358,2.195,1.929,2.173,2.424,1.749,2.021,3.713,3.608,1.525,1.464,1.859,1.363,3.593,1.428,2.49,3.465,0.814,2.259,3.924,1.408,0.193,0.703,1.884,2.123,3.45,0.345
10,33.54868248,130.4082321,23.20657539,6.0,44.0,104.0,5.0,2.551,1.903,1.74,1.357,0.2,1.536,1.607,0.534,1.531,2.007,0.0,1.573,1.265,1.086,1.344,0.774,2.044,1.257,1.939,1.77,2.288,1.184,1.642,1.586,1.474,0.709,0.668,0.173,1.205,0.397,1.648,0.969,1.821,0.404,1.566,0.686,0.39,0.861,0.838,0.22,2.173,1.852,2.167,0.718,1.044,0.899,1.833,1.053,0.775,1.539,2.609,1.888,1.348,1.485,0.444,1.618,0.66,0.941,1.477,0.838,0.282,1.369,1.006,1.03,1.384,1.084,1.537,1.147,1.546,1.048,0.819,0.667,0.033,1.229,1.844,1.68,0.69,1.658,1.909,0.271,0.957,0.663,1.391,0.538,0.64,0.466,0.693,1.226,0.69,1.975,1.87,1.637,1.745,0.53,0.893,1.972,1.366,0.492,1.06,1.589,1.66
11,33.55500575,130.4084045,17.75862122,10.0,11.0,37.0,5.0,1.474,3.33,3.167,2.784,1.505,0.201,0.232,0.838,1.461,3.434,1.573,0.0,1.714,2.106,1.618,2.139,3.409,2.622,1.911,1.639,1.776,2.549,0.119,0.419,2.838,2.486,3.087,1.281,1.741,0.953,3.013,2.334,3.186,3.175,2.931,2.599,3.189,2.052,2.28,1.039,2.491,1.825,3.532,2.631,2.139,2.264,1.493,1.804,2.688,2.904,0.412,0.267,1.509,1.457,0.681,0.608,0.6,1.906,2.842,2.752,0.862,1.977,2.675,1.827,1.993,2.449,2.145,2.512,0.341,2.413,2.733,2.19,1.343,1.838,1.816,1.549,3.109,1.63,1.778,1.379,2.871,0.419,0.314,0.988,2.314,0.881,2.213,0.299,2.279,1.844,0.248,3.002,1.613,0.63,2.254,3.337,2.731,0.907,2.974,0.016,3.025
12,33.55391204,130.4129942,16.99995041,9.0,65.0,98.0,5.0,1.407,1.676,1.513,1.13,1.186,1.51,1.804,2.267,0.387,1.78,1.265,1.714,0.0,0.514,0.201,0.547,1.817,1.03,0.796,0.627,1.145,0.957,1.58,1.977,1.247,0.894,1.165,1.092,0.149,0.755,1.421,0.742,1.594,0.948,1.339,1.007,0.962,0.46,0.688,1.46,1.946,0.709,1.94,1.04,0.547,0.672,0.69,0.212,1.096,1.312,1.466,1.826,0.205,0.342,2.317,0.353,0.53,0.314,1.25,1.16,1.503,0.385,1.083,0.235,0.401,0.857,0.554,0.92,1.899,0.821,1.141,0.598,1.233,0.246,0.7,0.537,1.188,0.515,0.766,1.007,1.279,2.055,1.95,0.779,0.722,0.727,0.621,1.935,0.687,0.832,1.807,1.41,0.601,2.266,0.662,1.745,1.139,0.753,1.382,1.792,1.433
13,33.55032273,130.413937,16.29307938,10.0,46.0,97.0,5.0,1.8,1.082,0.918,0.535,1.007,1.903,2.196,2.659,0.78,1.185,1.086,2.106,0.514,0.0,0.593,0.378,1.222,0.436,1.188,1.019,1.537,0.362,1.972,2.37,0.652,0.78,1.052,0.979,0.454,0.646,0.827,0.183,0.999,0.835,0.744,0.894,0.849,0.281,0.574,1.346,1.352,1.101,1.345,0.926,0.139,0.345,1.082,0.302,0.983,0.753,1.858,2.218,0.597,0.734,0.982,0.867,0.845,0.294,0.655,1.047,1.39,0.376,0.646,0.279,0.252,0.298,0.467,0.325,2.292,0.104,1.028,0.485,1.119,0.478,1.093,0.929,1.074,0.907,1.158,0.894,1.166,2.447,2.342,0.67,0.609,1.004,0.508,2.327,0.573,1.224,2.2,0.815,0.994,2.658,0.553,1.151,0.545,1.029,1.268,2.185,0.838
14,33.55412927,130.414463,12.78738308,14.0,33.0,77.0,5.0,1.312,1.755,1.592,1.208,1.265,1.415,1.708,2.171,0.292,1.859,1.344,1.618,0.201,0.593,0.0,0.625,1.895,1.109,0.505,0.531,1.049,1.036,1.484,1.882,1.325,0.972,1.243,1.171,0.227,0.833,1.5,0.821,1.672,1.026,1.417,1.086,1.04,0.539,0.766,1.538,2.025,0.419,2.019,1.118,0.626,0.751,0.594,0.291,1.175,1.39,1.37,1.73,0.109,0.246,2.221,0.553,1.032,0.393,1.328,1.238,1.582,0.464,1.162,0.314,0.479,0.936,0.632,0.998,1.804,0.9,1.22,0.676,1.311,0.325,0.41,0.441,1.266,0.225,0.67,1.085,1.357,1.959,1.854,0.858,0.801,1.191,0.7,1.839,0.765,0.736,1.712,1.488,0.506,2.17,0.741,1.824,1.218,1.217,1.46,1.696,1.511
15,33.54969069,130.4114483,15.49906158,7.0,55.0,119.0,5.0,1.832,1.13,0.966,0.583,0.695,1.935,2.229,3.344,0.812,1.233,0.774,2.139,0.547,0.378,0.625,0.0,1.27,0.484,1.22,1.051,1.57,0.41,2.005,2.402,0.7,0.402,0.673,0.601,0.486,0.267,0.874,0.195,1.047,0.456,0.792,0.516,0.47,0.143,0.196,0.968,1.4,1.134,1.393,0.548,0.325,0.125,1.115,0.335,0.605,0.765,1.891,2.25,0.63,0.766,0.604,0.899,0.466,0.222,0.703,0.668,1.011,0.65,0.536,0.312,0.666,0.31,0.818,0.373,2.324,0.274,0.649,0.106,0.741,0.511,1.125,0.962,0.696,0.94,1.19,0.515,0.787,2.48,2.375,0.292,0.231,0.625,0.13,2.36,0.195,1.257,2.232,0.863,1.026,2.691,0.174,1.199,0.593,0.651,0.89,2.217,0.886
16,33.54448131,130.4186539,22.98222733,12.0,65.0,103.0,5.0,3.102,0.172,0.388,0.806,1.965,3.205,3.499,4.614,2.082,0.037,2.044,3.409,1.817,1.222,1.895,1.27,0.0,0.935,2.49,2.322,2.84,0.971,3.275,3.672,0.923,1.672,1.943,1.871,1.756,1.537,0.863,1.075,0.369,1.726,0.78,1.786,1.74,1.413,1.466,2.238,1.179,2.404,1.173,1.818,1.226,1.237,2.385,1.605,1.875,1.653,3.161,3.52,1.9,2.036,1.874,2.17,1.736,1.492,0.884,1.938,2.282,1.92,1.537,1.582,1.936,1.19,1.171,1.033,3.594,1.118,1.92,1.376,2.011,1.781,2.395,2.232,1.966,2.21,2.46,1.785,2.057,3.75,3.645,1.562,1.501,1.895,1.4,3.63,1.465,2.527,3.502,0.851,2.296,3.961,1.445,0.23,0.74,1.921,2.16,3.487,0.382
17,33.54758532,130.4154073,25.0738163,11.0,65.0,95.0,5.0,2.316,0.794,0.631,0.29,1.178,2.419,2.712,3.827,1.296,0.898,1.257,2.622,1.03,0.436,1.109,0.484,0.935,0.0,1.704,1.535,2.053,0.158,2.488,2.886,0.574,0.886,1.157,1.084,0.97,0.751,0.748,0.338,0.921,0.94,0.666,0.999,0.954,0.626,0.68,1.452,1.273,1.618,1.267,1.032,0.439,0.45,1.599,0.818,1.088,0.43,2.374,2.734,1.113,1.25,1.087,1.383,0.95,0.706,0.143,1.152,1.495,1.134,0.642,0.795,1.149,0.309,0.821,0.111,2.808,0.332,1.133,0.59,1.224,0.994,1.609,1.445,1.18,1.423,1.674,0.999,0.639,2.963,2.858,0.775,0.714,1.109,0.613,2.843,0.679,1.74,2.716,0.737,1.51,3.174,0.658,1.073,0.466,1.135,0.52,2.701,0.76
18,33.5522254,130.4174805,21.98007584,9.0,9.0,77.0,5.0,1.605,2.35,2.187,1.803,1.86,1.708,2.001,2.464,0.584,2.454,1.939,1.911,0.796,1.188,0.505,1.22,2.49,1.704,0.0,0.747,1.342,1.631,1.777,2.175,1.92,1.567,1.838,1.766,0.822,1.428,0.96,1.416,2.267,1.621,2.012,1.681,1.635,1.134,1.361,2.133,0.79,0.178,0.797,1.713,1.221,1.346,0.887,0.886,1.77,1.985,1.663,2.023,0.591,0.454,2.514,1.148,1.627,0.988,1.923,1.833,2.177,1.059,1.757,0.909,1.074,1.531,1.227,1.593,2.097,1.495,1.815,1.271,1.906,0.92,0.145,0.677,1.861,0.281,0.712,1.68,1.952,2.252,2.147,1.453,1.396,1.786,1.295,2.132,1.36,0.972,2.005,2.083,0.741,2.463,1.336,2.419,1.813,1.812,2.055,1.989,2.106
19,33.55495426,130.4173724,16.05651474,15.0,36.0,82.0,5.0,1.332,2.181,2.018,1.635,1.691,1.435,1.728,2.192,0.239,2.285,1.77,1.639,0.627,1.019,0.531,1.051,2.322,1.535,0.747,0.0,0.565,1.462,1.505,1.902,1.751,1.398,1.67,1.597,0.653,1.26,1.926,1.247,2.098,1.453,1.843,1.512,1.467,0.965,1.192,1.964,0.852,0.68,0.858,1.544,1.052,1.177,0.615,0.717,1.601,1.816,1.391,1.75,0.422,0.37,2.242,0.979,1.459,0.819,1.754,1.665,2.423,0.89,1.588,0.74,0.906,1.362,1.058,1.424,1.824,1.326,1.646,1.103,1.737,0.751,0.672,0.09,1.692,0.486,0.139,1.512,1.784,1.98,1.875,1.284,1.227,1.618,1.126,1.86,1.191,0.41,1.732,1.914,0.18,2.191,1.167,2.25,1.644,1.643,1.886,1.717,1.937
20,33.55621492,130.4194218,19.82281685,9.0,46.0,88.0,5.0,1.47,2.699,2.536,2.153,2.209,1.573,1.866,2.329,0.83,2.803,2.288,1.776,1.145,1.537,1.049,1.57,2.84,2.053,1.342,0.565,0.0,1.98,1.581,1.978,2.269,1.916,2.188,2.115,1.172,1.778,2.444,1.765,2.617,1.971,2.361,2.03,1.985,1.483,1.711,2.483,1.417,1.256,1.423,2.062,1.57,1.695,0.924,1.235,2.119,2.335,1.467,1.826,0.94,0.888,2.318,1.498,1.977,1.337,2.273,2.183,2.499,1.408,2.106,1.258,1.424,1.88,1.576,1.943,1.9,1.844,2.164,1.621,2.255,1.269,1.247,0.451,2.21,1.061,0.704,2.03,2.302,2.056,1.951,1.802,1.745,2.136,1.644,1.936,1.709,0.185,1.808,2.433,0.385,2.267,1.685,2.768,2.162,2.161,2.404,1.793,2.455
21,33.54820084,130.4148897,23.31441689,9.0,17.0,77.0,5.0,2.242,0.831,0.667,0.284,1.105,2.346,2.639,3.754,1.222,0.934,1.184,2.549,0.957,0.362,1.036,0.41,0.971,0.158,1.631,1.462,1.98,0.0,2.455,2.852,0.401,0.852,1.123,1.051,0.936,0.717,0.575,0.255,0.748,0.906,0.493,0.966,0.92,0.593,0.646,1.418,1.1,1.584,1.094,0.998,0.406,0.416,1.565,0.784,1.054,0.518,2.341,2.7,1.08,1.216,1.054,1.349,0.916,0.672,0.196,1.118,1.461,1.1,0.717,0.762,1.115,0.37,0.648,0.048,2.774,0.298,1.099,0.556,1.191,0.961,1.575,1.411,1.146,1.389,1.64,0.965,1.237,2.929,2.825,0.742,0.68,1.075,0.58,2.81,0.645,1.706,2.682,0.564,1.476,3.141,0.624,0.9,0.294,1.101,1.34,2.667,0.587
22,33.55558154,130.4091704,16.67135239,10.0,67.0,100.0,5.0,1.278,3.134,2.971,2.588,1.575,0.082,0.313,0.907,1.265,3.238,1.642,0.119,1.58,1.972,1.484,2.005,3.275,2.488,1.777,1.505,1.581,2.455,0.0,0.5,2.636,2.283,2.554,1.36,1.538,2.144,2.811,2.131,2.983,2.337,2.728,2.397,2.351,1.849,2.077,1.118,2.288,1.622,3.329,2.429,1.937,2.061,1.291,1.602,2.486,2.701,0.293,0.348,1.306,1.255,0.76,0.489,0.679,1.703,2.639,2.549,0.941,1.775,2.472,1.624,1.79,2.247,1.943,2.309,0.422,2.211,2.53,1.987,1.421,1.635,1.613,1.346,2.577,1.428,1.575,1.458,2.668,0.498,0.393,2.169,2.112,0.96,2.011,0.378,2.076,1.641,0.329,2.799,1.411,0.709,2.051,3.135,2.529,0.986,2.771,0.102,2.822
23,33.55294571,130.4101821,22.41076088,8.0,27.0,66.0,5.0,1.675,3.532,3.368,2.985,1.519,0.479,0.206,0.851,1.663,3.636,1.586,0.419,1.977,2.37,1.882,2.402,3.672,2.886,2.175,1.902,1.978,2.852,0.5,0.0,3.115,2.762,3.363,1.557,2.017,0.837,3.289,2.61,3.462,3.451,3.207,2.875,3.465,2.328,2.556,0.79,2.767,2.101,3.808,2.908,2.415,2.54,1.769,2.08,2.964,3.18,0.691,0.242,1.785,1.733,0.566,0.886,0.389,2.182,3.118,3.028,0.662,2.253,2.951,2.103,2.269,2.725,2.422,2.788,0.04,2.689,3.009,2.466,1.619,2.114,2.092,1.825,3.385,1.906,2.054,1.656,3.147,0.208,0.195,0.873,2.59,0.766,2.489,0.403,2.555,2.12,0.223,3.278,1.889,0.485,2.53,3.613,3.007,0.792,3.25,0.402,3.301
24,33.54932715,130.4157193,23.48578262,13.0,5.0,114.0,5.0,2.532,0.782,0.619,0.115,1.394,2.635,2.928,4.043,1.512,0.886,1.474,2.838,1.247,0.652,1.325,0.7,0.923,0.574,1.92,1.751,2.269,0.401,2.636,3.115,0.0,1.102,1.373,1.301,1.186,0.967,0.527,0.505,0.7,1.156,0.445,1.215,1.17,0.843,0.896,1.668,1.052,1.834,1.046,1.248,0.655,0.666,1.815,1.034,1.304,1.074,2.591,2.95,1.329,1.466,1.304,1.599,1.166,0.922,0.356,1.368,1.711,1.35,0.967,1.012,0.364,0.62,0.248,0.463,3.024,0.328,1.349,0.806,1.441,1.21,0.531,1.661,1.396,1.639,1.89,1.215,1.487,3.179,3.075,0.992,0.93,1.325,0.829,3.06,0.895,1.956,2.932,0.349,1.726,3.39,0.874,0.852,0.245,1.351,1.59,2.917,0.539
25,33.54812731,130.4119895,16.86668587,6.0,51.0,100.0,5.0,2.179,1.532,1.368,0.985,0.63,2.282,2.575,3.279,1.159,1.635,0.709,2.486,0.894,0.78,0.972,0.402,1.672,0.886,1.567,1.398,1.916,0.852,2.283,2.762,1.102,0.0,0.609,0.537,0.833,0.614,1.276,0.597,1.449,0.392,1.194,0.451,0.406,0.49,0.467,0.904,1.801,1.481,1.795,0.484,0.672,0.527,1.462,0.681,0.54,1.167,2.238,2.597,0.976,1.113,0.762,1.246,0.813,0.569,1.105,0.604,0.947,0.997,0.771,0.659,1.012,0.712,1.165,0.775,2.671,0.676,0.585,0.296,0.677,0.857,1.472,1.308,0.632,1.286,1.537,0.451,0.723,2.826,2.722,0.639,0.269,0.784,0.321,2.707,0.176,1.603,2.579,1.265,1.373,1.49,0.521,1.601,0.994,0.809,0.826,2.564,1.288
26,33.5452764,130.4093514,17.68997383,13.0,47.0,99.0,5.0,2.45,1.803,1.639,1.256,0.589,2.553,2.847,2.846,1.43,1.907,0.668,3.087,1.165,1.052,1.243,0.673,1.943,1.157,1.838,1.67,2.188,1.123,2.554,3.363,1.373,0.609,0.0,0.495,1.104,0.885,1.548,0.868,1.72,0.264,1.465,0.206,0.278,0.761,0.738,0.862,2.073,1.752,2.067,0.233,0.943,0.799,1.733,0.953,0.29,1.438,2.509,2.868,1.248,1.384,0.896,1.518,1.084,0.84,1.376,0.359,0.905,1.268,0.526,0.93,1.284,0.984,1.436,1.046,2.942,0.948,0.334,0.567,0.635,1.129,1.743,1.58,0.023,1.558,1.808,0.409,0.472,3.098,2.993,0.91,0.54,0.918,0.592,2.978,0.59,1.875,2.85,1.536,1.644,2.859,0.793,1.872,1.266,0.943,0.575,2.835,1.559
27,33.54784646,130.4075867,23.63241005,12.0,53.0,73.0,5.0,2.378,1.73,1.567,1.184,0.094,1.442,1.512,1.041,1.358,1.834,0.173,1.281,1.092,0.979,1.171,0.601,1.871,1.084,1.766,1.597,2.115,1.051,1.36,1.557,1.301,0.537,0.495,0.0,1.032,0.544,1.475,0.796,1.648,0.231,1.393,0.513,0.217,0.688,0.665,0.367,2.0,1.68,1.994,0.545,0.871,0.726,1.661,0.88,0.602,1.366,2.436,2.796,1.175,1.312,0.573,1.445,1.012,0.768,1.304,0.665,0.411,1.196,0.833,0.857,1.211,0.911,1.364,0.974,1.451,0.875,0.647,0.495,0.14,1.056,1.671,1.507,0.518,1.485,1.736,0.098,0.784,1.401,1.296,0.837,0.467,0.613,0.52,1.132,0.517,1.802,2.778,1.464,1.572,0.953,0.72,1.799,1.193,0.639,0.887,1.495,1.487
28,33.55298575,130.4137302,13.89669132,15.0,53.0,80.0,5.0,1.434,1.616,1.452,1.069,1.126,1.537,1.83,2.294,0.414,1.72,1.205,1.741,0.149,0.454,0.227,0.486,1.756,0.97,0.822,0.653,1.172,0.936,1.538,2.017,1.186,0.833,1.104,1.032,0.0,0.694,1.361,0.681,1.533,0.887,1.278,0.947,0.901,0.399,0.627,1.399,1.886,0.736,1.879,0.979,0.487,0.611,0.717,0.152,1.036,1.251,1.493,1.852,0.232,0.368,2.344,0.501,0.893,0.253,1.189,1.099,1.442,0.325,1.022,0.174,0.34,0.797,0.493,0.859,1.926,0.761,1.08,0.537,1.172,0.185,0.727,0.563,1.127,0.541,0.792,0.946,1.218,2.081,1.977,0.719,0.662,1.052,0.561,1.962,0.626,0.858,1.834,1.349,0.628,2.293,0.601,1.685,1.079,1.078,1.321,1.819,1.372
29,33.54961384,130.4091473,21.89207077,14.0,13.0,84.0,5.0,2.04,1.397,1.234,0.85,0.571,2.143,2.437,0.452,1.02,1.501,0.397,0.953,0.755,0.646,0.833,0.267,1.537,0.751,1.428,1.26,1.778,0.717,2.144,0.837,0.967,0.614,0.885,0.544,0.694,0.0,1.142,0.463,1.314,0.668,1.059,0.728,0.682,0.351,0.252,0.177,1.667,1.342,1.661,0.76,0.533,0.393,1.323,0.543,0.817,1.032,2.099,2.458,0.838,0.974,0.272,1.108,0.487,0.43,0.97,0.88,0.441,0.858,0.804,0.52,0.874,0.578,1.026,0.64,0.657,0.542,0.862,0.318,0.43,0.719,1.333,1.17,0.908,1.148,1.398,0.727,0.999,0.49,0.595,0.323,0.443,0.293,0.342,0.568,0.407,1.465,2.44,1.13,1.234,0.506,0.205,1.466,0.86,0.319,1.102,2.425,1.153
30,33.54932972,130.417987,26.44888687,6.0,43.0,69.0,5.0,2.707,0.722,0.559,0.411,1.569,2.81,3.103,4.218,1.686,0.826,1.648,3.013,1.421,0.827,1.5,0.874,0.863,0.748,0.96,1.926,2.444,0.575,2.811,3.289,0.527,1.276,1.548,1.475,1.361,1.142,0.0,0.604,0.716,1.255,0.293,1.314,1.269,0.942,0.995,1.767,1.069,1.933,1.063,1.347,0.755,0.765,1.914,1.133,1.403,1.173,2.69,3.049,1.428,1.565,1.403,1.698,1.265,1.021,0.413,1.467,1.81,0.545,1.066,1.111,0.673,0.719,0.236,0.562,3.123,0.647,1.448,0.905,1.54,1.309,0.476,1.76,1.495,1.738,1.989,1.314,1.586,3.278,3.174,1.091,1.029,1.424,0.928,3.159,0.994,2.055,3.031,0.031,1.825,3.489,0.973,0.868,0.268,1.45,1.689,3.016,0.555
31,33.54931335,130.4135234,17.15714836,8.0,44.0,111.0,5.0,2.027,0.934,0.771,0.388,0.89,2.13,2.424,3.539,1.007,1.038,0.969,2.334,0.742,0.183,0.821,0.195,1.075,0.338,1.416,1.247,1.765,0.255,2.131,2.61,0.505,0.597,0.868,0.796,0.681,0.463,0.604,0.0,0.852,0.651,0.597,0.711,0.665,0.338,0.391,1.163,1.204,1.329,1.198,0.743,0.151,0.162,1.31,0.53,0.8,0.57,2.086,2.446,0.825,0.962,0.799,1.095,0.662,0.417,0.406,0.863,1.207,0.845,0.462,0.507,0.861,0.115,0.752,0.178,2.519,0.079,0.845,0.301,0.936,0.706,1.32,1.157,0.891,1.135,1.386,0.71,0.982,2.675,2.57,0.487,0.426,0.821,0.325,2.555,0.39,1.452,2.427,0.668,1.221,2.886,0.37,1.003,0.397,0.846,1.085,2.412,0.691
32,33.54511148,130.4192905,21.01320076,14.0,30.0,118.0,5.0,2.879,0.195,0.076,0.583,1.741,2.982,3.275,4.391,1.859,0.332,1.821,3.186,1.594,0.999,1.672,1.047,0.369,0.921,2.267,2.098,2.617,0.748,2.983,3.462,0.7,1.449,1.72,1.648,1.533,1.314,0.716,0.852,0.0,1.503,0.557,1.563,1.517,1.19,1.243,2.015,0.956,2.181,0.95,1.595,1.003,1.013,2.162,1.381,1.651,1.423,2.938,3.297,1.677,1.813,1.651,1.946,1.513,1.269,0.661,1.715,2.058,1.697,1.314,1.359,1.712,0.967,0.947,0.81,3.371,0.895,1.696,1.153,1.788,1.558,2.172,2.008,1.743,1.986,2.237,1.562,1.834,3.526,3.422,1.339,1.277,1.672,1.177,3.407,1.242,2.303,3.279,0.628,2.073,3.738,1.221,0.264,0.516,1.698,1.937,3.264,0.159
33,33.54663309,130.4093579,17.94697952,10.0,8.0,49.0,5.0,2.233,1.586,1.422,1.039,0.325,2.336,2.63,2.935,1.213,1.69,0.404,3.175,0.948,0.835,1.026,0.456,1.726,0.94,1.621,1.453,1.971,0.906,2.337,3.451,1.156,0.392,0.264,0.231,0.887,0.668,1.255,0.651,1.503,0.0,1.248,0.368,0.014,0.544,0.521,0.598,1.856,1.535,1.85,0.4,0.726,0.582,1.516,0.736,0.457,1.221,2.292,2.651,1.031,1.167,0.803,1.301,0.867,0.623,1.159,0.521,0.641,1.051,0.688,0.713,1.067,0.767,1.219,0.829,2.725,0.731,0.502,0.35,0.371,0.912,1.526,1.363,0.287,1.341,1.591,0.145,0.64,2.881,2.776,0.693,0.323,0.701,0.375,1.362,0.373,1.658,2.633,1.319,1.427,1.184,0.576,1.655,1.049,0.726,0.742,2.618,1.342
34,33.54867114,130.4188177,24.89817619,9.0,49.0,86.0,5.0,2.624,0.639,0.476,0.328,1.486,2.727,3.02,4.135,1.604,0.743,1.566,2.931,1.339,0.744,1.417,0.792,0.78,0.666,2.012,1.843,2.361,0.493,2.728,3.207,0.445,1.194,1.465,1.393,1.278,1.059,0.293,0.597,0.557,1.248,0.0,1.307,1.262,0.935,0.988,1.76,0.909,1.926,0.903,1.34,0.747,0.758,1.907,1.126,1.396,1.166,2.683,3.042,1.421,1.558,1.396,1.691,1.258,1.014,0.406,1.46,1.803,1.442,1.059,1.104,1.457,0.712,0.692,0.555,3.116,0.64,1.441,0.898,1.533,1.302,1.917,1.753,1.488,1.731,1.982,1.307,1.579,3.271,3.167,1.084,1.022,1.417,0.921,3.152,0.987,2.048,3.024,0.282,1.818,3.482,0.966,0.708,0.261,1.443,1.682,3.009,0.396
35,33.54627523,130.4112505,18.89676857,9.0,33.0,69.0,5.0,2.293,1.645,1.482,1.099,0.607,2.396,2.689,3.058,1.273,1.749,0.686,2.599,1.007,0.894,1.086,0.516,1.786,0.999,1.681,1.512,2.03,0.966,2.397,2.875,1.215,0.451,0.206,0.513,0.947,0.728,1.314,0.711,1.563,0.368,1.307,0.0,0.382,0.603,0.58,0.88,1.915,1.594,1.909,0.141,0.786,0.641,1.575,0.795,0.197,0.945,2.351,2.711,1.09,1.227,0.738,1.36,0.927,0.683,1.219,0.142,0.923,1.111,0.31,0.772,1.126,0.826,1.279,0.889,2.785,0.79,0.242,0.409,0.653,0.971,1.586,1.422,0.608,1.4,1.651,0.427,0.299,2.94,2.835,0.752,0.382,0.76,0.435,2.82,0.432,1.717,2.693,1.379,1.487,1.466,0.635,1.714,1.108,0.786,0.483,2.678,1.401
36,33.5465105,130.4090475,18.19975853,10.0,40.0,108.0,5.0,2.247,1.6,1.436,1.053,0.311,2.35,2.644,2.949,1.227,1.704,0.39,3.189,0.962,0.849,1.04,0.47,1.74,0.954,1.635,1.467,1.985,0.92,2.351,3.465,1.17,0.406,0.278,0.217,0.901,0.682,1.269,0.665,1.517,0.014,1.262,0.382,0.0,0.558,0.535,0.584,1.87,1.549,1.863,0.414,0.74,0.595,1.53,0.75,0.471,1.235,2.306,2.665,1.045,1.181,0.789,1.315,0.881,0.637,1.173,0.535,0.627,1.065,0.702,0.727,1.081,0.781,1.233,0.843,2.739,0.745,0.516,0.364,0.357,0.926,1.54,1.377,0.301,1.355,1.605,0.131,0.654,1.618,1.513,0.707,0.337,0.715,0.389,1.348,0.387,1.672,2.647,1.333,1.441,1.17,0.589,1.669,1.063,0.74,0.756,2.632,1.356
37,33.55036468,130.4118508,15.17520905,15.0,27.0,65.0,5.0,1.745,1.272,1.109,0.726,0.782,1.849,2.142,2.605,0.725,1.376,0.861,2.052,0.46,0.281,0.539,0.143,1.413,0.626,1.134,0.965,1.483,0.593,1.849,2.328,0.843,0.49,0.761,0.688,0.399,0.351,0.942,0.338,1.19,0.544,0.935,0.603,0.558,0.0,0.284,1.056,1.457,1.047,1.451,0.636,0.238,0.183,1.028,0.248,0.692,0.822,1.804,2.164,0.543,0.68,0.687,0.813,0.55,0.136,0.76,0.756,1.099,0.563,0.594,0.225,0.579,0.368,0.732,0.43,2.238,0.332,0.737,0.194,0.828,0.424,1.038,0.875,0.784,0.853,1.104,0.603,0.875,2.393,2.288,0.375,0.318,0.709,0.217,2.273,0.283,1.17,2.145,0.92,0.939,2.604,0.258,1.256,0.65,0.734,0.978,2.13,0.943
38,33.54996447,130.4099907,19.78877258,6.0,64.0,118.0,5.0,1.973,1.326,1.162,0.779,0.759,2.076,2.369,0.768,0.953,1.429,0.838,2.28,0.688,0.574,0.766,0.196,1.466,0.68,1.361,1.192,1.711,0.646,2.077,2.556,0.896,0.467,0.738,0.665,0.627,0.252,0.995,0.391,1.243,0.521,0.988,0.58,0.535,0.284,0.0,0.428,1.559,1.234,1.553,0.652,0.425,0.285,1.215,0.435,0.709,0.924,1.991,2.35,0.73,0.866,0.588,0.999,0.451,0.322,0.862,0.772,1.116,0.75,0.695,0.412,0.765,0.47,0.918,0.532,2.424,0.434,0.754,0.21,0.845,0.611,1.225,1.061,0.8,1.039,1.29,0.619,0.891,2.58,2.475,0.276,0.292,0.61,0.145,2.46,0.299,1.357,2.332,1.022,1.126,2.791,0.159,1.358,0.752,0.635,0.994,2.317,1.045
39,33.54971045,130.4074931,25.44311142,10.0,20.0,49.0,5.0,2.745,2.098,1.934,1.551,0.394,1.2,1.27,0.405,1.725,2.201,0.22,1.039,1.46,1.346,1.538,0.968,2.238,1.452,2.133,1.964,2.483,1.418,1.118,0.79,1.668,0.904,0.862,0.367,1.399,0.177,1.767,1.163,2.015,0.598,1.76,0.88,0.584,1.056,0.428,0.0,1.843,1.518,1.837,0.676,0.71,0.569,1.5,0.719,0.732,1.209,1.769,0.684,1.014,1.151,0.224,1.284,0.44,0.607,1.147,0.796,0.264,1.035,0.98,0.696,1.05,0.754,1.203,0.817,0.61,0.718,0.777,0.625,0.253,0.895,1.51,1.346,0.824,1.324,1.575,0.466,0.915,0.443,0.547,0.318,0.598,0.246,0.651,1.162,0.584,1.641,0.666,1.307,1.411,0.459,0.513,1.643,1.036,0.272,1.018,1.525,1.33
40,33.54981265,130.4195154,24.57859802,11.0,48.0,119.0,5.0,2.184,1.039,0.875,0.936,2.094,2.287,2.581,4.743,1.092,1.142,2.173,2.491,1.946,1.352,2.025,1.4,1.179,1.273,0.79,0.852,1.417,1.1,2.288,2.767,1.052,1.801,2.073,2.0,1.886,1.667,1.069,1.204,0.956,1.856,0.909,1.915,1.87,1.457,1.559,1.843,0.0,0.817,0.006,1.947,1.355,1.366,2.514,1.734,2.004,1.774,3.29,3.65,2.029,2.166,2.003,2.299,1.866,1.622,1.013,2.068,2.411,2.05,1.667,1.711,2.065,1.32,1.3,1.163,3.724,1.248,2.049,1.506,2.14,1.91,2.524,0.942,2.095,2.339,0.818,1.915,2.187,3.879,3.774,1.691,1.63,2.025,1.529,3.759,1.594,1.262,3.632,0.98,1.032,4.09,1.574,1.108,0.869,2.05,2.289,3.616,0.795
41,33.55365097,130.41745,18.60922623,5.0,8.0,113.0,5.0,1.518,2.263,2.1,1.717,1.773,1.621,1.915,2.378,0.498,2.367,1.852,1.825,0.709,1.101,0.419,1.134,2.404,1.618,0.178,0.68,1.256,1.584,1.622,2.101,1.834,1.481,1.752,1.68,0.736,1.342,1.933,1.329,2.181,1.535,1.926,1.594,1.549,1.047,1.234,1.518,0.817,0.0,0.823,1.627,1.134,1.259,0.801,0.799,1.683,1.899,1.577,1.936,0.504,0.367,2.428,1.062,1.541,0.901,1.837,1.747,2.09,0.972,1.67,0.822,0.988,1.444,1.141,1.507,2.01,1.408,1.728,1.185,1.82,0.833,0.155,0.59,1.775,0.194,0.819,1.594,1.866,2.166,2.061,1.366,1.309,1.7,1.208,2.046,1.274,0.885,1.918,1.997,0.655,2.377,1.249,2.332,1.726,1.725,1.969,1.903,2.02
42,33.54975227,130.4195322,24.49914932,10.0,42.0,104.0,5.0,3.225,1.032,0.869,0.929,2.088,3.329,3.622,4.737,1.098,1.136,2.167,3.532,1.94,1.345,2.019,1.393,1.173,1.267,0.797,0.858,1.423,1.094,3.329,3.808,1.046,1.795,2.067,1.994,1.879,1.661,1.063,1.198,0.95,1.85,0.903,1.909,1.863,1.451,1.553,1.837,0.006,0.823,0.0,1.941,1.349,1.36,2.508,1.728,1.998,1.768,3.284,3.644,2.023,2.16,1.997,2.293,1.86,1.616,1.007,2.061,2.405,2.043,1.66,1.705,2.059,1.313,1.294,1.156,3.718,1.241,2.043,1.5,2.134,1.904,2.518,0.948,2.089,2.333,0.824,1.908,2.18,3.873,3.768,1.685,1.624,2.019,1.523,3.753,1.588,1.268,3.625,0.974,1.038,4.084,1.568,1.101,0.863,2.044,2.283,3.61,0.789
43,33.54565375,130.4107673,18.65841293,11.0,14.0,76.0,5.0,2.325,1.677,1.514,1.131,0.639,2.428,2.721,3.011,1.305,1.781,0.718,2.631,1.04,0.926,1.118,0.548,1.818,1.032,1.713,1.544,2.062,0.998,2.429,2.908,1.248,0.484,0.233,0.545,0.979,0.76,1.347,0.743,1.595,0.4,1.34,0.141,0.414,0.636,0.652,0.676,1.947,1.627,1.941,0.0,0.818,0.673,1.608,0.827,0.151,0.899,2.384,2.743,1.122,1.259,0.771,1.392,0.959,0.715,1.251,0.203,0.956,1.143,0.371,0.805,1.158,0.858,1.311,0.921,2.817,0.822,0.102,0.442,0.685,1.003,1.618,1.454,0.64,1.432,1.683,0.459,0.239,2.972,2.868,0.785,0.414,0.792,0.467,2.853,0.464,1.749,2.725,1.411,1.519,1.498,0.667,1.746,1.14,0.818,0.342,2.71,1.434
44,33.55009956,130.4130878,14.89944935,12.0,58.0,93.0,5.0,1.833,1.085,0.922,0.539,0.965,1.936,2.229,2.692,0.812,1.189,1.044,2.139,0.547,0.139,0.626,0.325,1.226,0.439,1.221,1.052,1.57,0.406,1.937,2.415,0.655,0.672,0.943,0.871,0.487,0.533,0.755,0.151,1.003,0.726,0.747,0.786,0.74,0.238,0.425,0.71,1.355,1.134,1.349,0.818,0.0,0.201,1.115,0.335,0.839,0.721,1.891,2.251,0.63,0.767,0.838,0.9,0.701,0.223,0.659,0.902,1.246,0.65,0.501,0.312,0.32,0.266,0.903,0.329,2.325,0.23,0.884,0.34,0.975,0.511,1.125,0.962,0.93,0.94,1.191,0.749,1.021,2.48,2.375,0.526,0.465,0.86,0.364,2.36,0.429,1.257,2.232,0.819,1.026,2.691,0.409,1.154,0.548,0.885,1.124,2.217,0.842
45,33.54905174,130.4121435,15.42464828,8.0,19.0,110.0,5.0,1.957,1.096,0.933,0.55,0.82,2.061,2.354,3.469,0.937,1.2,0.899,2.264,0.672,0.345,0.751,0.125,1.237,0.45,1.346,1.177,1.695,0.416,2.061,2.54,0.666,0.527,0.799,0.726,0.611,0.393,0.765,0.162,1.013,0.582,0.758,0.641,0.595,0.183,0.285,0.569,1.366,1.259,1.36,0.673,0.201,0.0,1.24,0.46,0.73,0.731,2.016,2.376,0.755,0.892,0.729,1.025,0.592,0.348,0.669,0.793,1.137,0.775,0.503,0.437,0.791,0.277,0.914,0.339,2.45,0.241,0.775,0.232,0.866,0.636,1.25,1.087,0.821,1.065,1.316,0.641,0.912,2.605,2.5,0.417,0.356,0.751,0.255,2.485,0.32,1.382,2.357,0.829,1.151,2.816,0.3,1.165,0.559,0.776,1.015,2.342,0.852
46,33.55625931,130.4132529,14.67332458,9.0,18.0,54.0,5.0,1.187,2.244,2.081,1.698,1.754,1.29,1.583,2.046,0.375,2.348,1.833,1.493,0.69,1.082,0.594,1.115,2.385,1.599,0.887,0.615,0.924,1.565,1.291,1.769,1.815,1.462,1.733,1.661,0.717,1.323,1.914,1.31,2.162,1.516,1.907,1.575,1.53,1.028,1.215,1.5,2.514,0.801,2.508,1.608,1.115,1.24,0.0,0.78,1.664,1.88,1.246,1.605,0.485,0.433,2.096,1.043,1.522,0.882,1.818,1.728,2.278,0.953,1.651,0.803,0.969,1.425,1.122,1.488,1.679,1.389,1.709,1.166,1.801,0.814,0.792,0.525,1.756,0.607,0.754,1.575,1.847,1.834,1.729,1.347,1.29,1.681,1.189,1.714,1.255,0.82,1.587,1.978,0.589,2.045,1.23,2.313,1.707,1.706,1.95,1.572,2.001
47,33.55221086,130.4128809,14.92621613,12.0,62.0,111.0,5.0,1.498,1.464,1.301,0.918,0.974,1.601,1.894,2.357,0.477,1.568,1.053,1.804,0.212,0.302,0.291,0.335,1.605,0.818,0.886,0.717,1.235,0.784,1.602,2.08,1.034,0.681,0.953,0.88,0.152,0.543,1.133,0.53,1.381,0.736,1.126,0.795,0.75,0.248,0.435,0.719,1.734,0.799,1.728,0.827,0.335,0.46,0.78,0.0,0.884,1.1,1.556,1.916,0.295,0.432,0.879,0.565,0.742,0.102,1.037,0.948,1.291,0.316,0.871,0.023,0.331,0.645,0.484,0.707,1.99,0.609,0.929,0.386,1.02,0.176,0.79,0.627,0.975,0.605,0.856,0.795,1.067,2.145,2.04,0.567,0.51,0.901,0.409,2.025,0.474,0.922,1.898,1.197,0.691,2.356,0.45,1.533,0.927,0.926,1.169,1.882,1.22
48,33.54521857,130.410804,18.91570663,11.0,22.0,105.0,5.0,2.382,1.734,1.571,1.188,0.695,2.485,2.778,3.031,1.361,1.838,0.775,2.688,1.096,0.983,1.175,0.605,1.875,1.088,1.77,1.601,2.119,1.054,2.486,2.964,1.304,0.54,0.29,0.602,1.036,0.817,1.403,0.8,1.651,0.457,1.396,0.197,0.471,0.692,0.709,0.732,2.004,1.683,1.998,0.151,0.839,0.73,1.664,0.884,0.0,0.842,2.44,2.8,1.179,1.316,0.827,1.449,1.016,0.772,1.307,0.35,1.012,1.2,0.517,0.861,1.215,0.915,1.368,0.977,2.874,0.879,0.252,0.498,0.742,1.06,1.674,1.511,0.697,1.489,1.74,0.516,0.39,3.029,2.924,0.841,0.471,0.849,0.524,2.909,0.521,1.806,2.782,1.467,1.575,1.555,0.724,1.803,1.197,0.874,0.493,2.766,1.49
49,33.54472282,130.4158336,29.62556076,5.0,20.0,94.0,5.0,2.597,1.479,1.341,0.958,1.46,2.7,2.994,3.957,1.577,1.616,1.539,2.904,1.312,0.753,1.39,0.765,1.653,0.43,1.985,1.816,2.335,0.518,2.701,3.18,1.074,1.167,1.438,1.366,1.251,1.032,1.173,0.57,1.423,1.221,1.166,0.945,1.235,0.822,0.924,1.209,1.774,1.899,1.768,0.899,0.721,0.731,1.88,1.1,0.842,0.0,3.184,3.544,1.923,2.06,1.571,2.193,1.76,1.516,0.435,1.094,1.756,1.943,0.496,1.605,1.959,0.541,2.112,0.47,3.618,0.649,0.996,1.242,1.486,1.804,2.418,2.255,1.441,2.233,2.484,1.26,1.134,3.773,3.668,1.585,1.215,1.593,1.268,3.653,1.265,2.55,3.525,1.238,2.319,3.999,1.468,1.548,0.967,1.618,0.374,3.51,1.26
50,33.55597969,130.4113141,15.23251247,14.0,11.0,36.0,5.0,1.164,3.02,2.857,2.474,2.53,0.273,0.505,1.098,1.151,3.124,2.609,0.412,1.466,1.858,1.37,1.891,3.161,2.374,1.663,1.391,1.467,2.341,0.293,0.691,2.591,2.238,2.509,2.436,1.493,2.099,2.69,2.086,2.938,2.292,2.683,2.351,2.306,1.804,1.991,1.769,3.29,1.577,3.284,2.384,1.891,2.016,1.246,1.556,2.44,3.184,0.0,0.421,1.52,1.468,0.994,0.196,0.913,1.916,2.852,2.762,1.175,1.988,2.686,1.837,2.003,2.46,2.156,2.522,0.495,2.424,2.744,2.2,1.655,1.848,1.826,1.559,2.79,1.641,1.788,1.692,2.881,0.732,0.627,2.382,2.325,1.194,2.224,0.612,2.289,1.854,0.403,3.012,1.624,0.943,2.264,3.348,2.742,1.22,2.984,0.297,3.035
51,33.55431059,130.4083589,19.24132156,12.0,8.0,92.0,5.0,1.524,3.38,3.217,2.833,1.82,0.328,0.126,0.885,1.511,3.484,1.888,0.267,1.826,2.218,1.73,2.25,3.52,2.734,2.023,1.75,1.826,2.7,0.348,0.242,2.95,2.597,2.868,2.796,1.852,2.458,3.049,2.446,3.297,2.651,3.042,2.711,2.665,2.164,2.35,0.684,3.65,1.936,3.644,2.743,2.251,2.376,1.605,1.916,2.8,3.544,0.421,0.0,1.825,1.773,0.542,1.057,0.365,2.222,3.158,3.555,0.967,2.294,2.991,2.143,2.309,2.765,2.462,2.828,0.234,2.729,3.458,2.506,1.447,2.154,2.132,1.865,3.214,1.947,2.094,1.484,3.596,0.184,0.079,0.849,2.63,0.743,2.529,0.404,2.595,2.16,0.291,3.318,1.929,0.462,2.57,3.654,3.047,0.768,3.698,0.617,3.341
52,33.55466729,130.4141081,13.8193512,10.0,31.0,81.0,5.0,1.202,1.759,1.596,1.213,1.269,1.306,1.599,2.062,0.182,1.863,1.348,1.509,0.205,0.597,0.109,0.63,1.9,1.113,0.591,0.422,0.94,1.08,1.306,1.785,1.329,0.976,1.248,1.175,0.232,0.838,1.428,0.825,1.677,1.031,1.421,1.09,1.045,0.543,0.73,1.014,2.029,0.504,2.023,1.122,0.63,0.755,0.485,0.295,1.179,1.923,1.52,1.825,0.0,0.137,2.112,0.558,1.037,0.397,1.333,1.243,1.586,0.468,1.166,0.318,0.484,0.94,0.636,1.003,1.695,0.904,1.224,0.681,1.315,0.329,0.495,0.332,1.27,0.31,0.561,1.09,1.362,1.85,1.745,0.862,0.805,1.196,0.704,1.73,0.769,0.627,1.602,1.493,0.396,2.061,0.745,1.828,1.222,1.221,1.464,1.587,1.515
53,33.55511745,130.4146712,12.57213306,14.0,68.0,105.0,5.0,1.151,1.896,1.733,1.349,1.406,1.254,1.547,2.01,0.131,2.0,1.485,1.457,0.342,0.734,0.246,0.766,2.036,1.25,0.454,0.37,0.888,1.216,1.255,1.733,1.466,1.113,1.384,1.312,0.368,0.974,1.565,0.962,1.813,1.167,1.558,1.227,1.181,0.68,0.866,1.151,2.166,0.367,2.16,1.259,0.767,0.892,0.433,0.432,1.316,2.06,1.468,1.773,0.137,0.0,2.06,0.694,1.173,0.534,1.469,1.379,1.723,0.605,1.303,0.455,0.62,1.077,0.773,1.139,1.643,1.041,1.361,0.817,1.452,0.466,0.359,0.28,1.407,0.173,0.509,1.226,1.498,1.798,1.693,0.999,0.942,1.332,0.841,1.678,0.906,0.575,1.551,1.629,0.345,2.009,0.882,1.965,1.359,1.358,1.601,1.536,1.652
54,33.55061127,130.4079755,24.62693596,10.0,16.0,110.0,5.0,2.015,1.733,1.57,1.187,0.599,0.842,0.669,0.18,2.002,1.837,0.444,0.681,2.317,0.982,2.221,0.604,1.874,1.087,2.514,2.242,2.318,1.054,0.76,0.566,1.304,0.762,0.896,0.573,2.344,0.272,1.403,0.799,1.651,0.803,1.396,0.738,0.789,0.687,0.588,0.224,2.003,2.428,1.997,0.771,0.838,0.729,2.096,0.879,0.827,1.571,0.994,0.542,2.112,2.06,0.0,1.4,0.429,0.767,1.307,0.891,0.22,1.195,1.14,0.856,1.21,0.914,1.363,0.977,0.917,0.878,0.872,0.655,0.477,1.055,1.669,1.506,0.919,1.484,1.735,0.671,1.01,0.397,0.762,0.307,0.779,0.201,0.678,0.597,0.744,1.801,0.973,1.467,1.571,0.176,0.503,1.802,1.196,0.226,1.113,0.96,1.49
55,33.55516664,130.4103002,17.47849083,7.0,28.0,114.0,5.0,1.36,2.029,1.866,1.483,1.539,0.469,0.7,1.294,0.74,2.133,1.618,0.608,0.353,0.867,0.553,0.899,2.17,1.383,1.148,0.979,1.498,1.349,0.489,0.886,1.599,1.246,1.518,1.445,0.501,1.108,1.698,1.095,1.946,1.301,1.691,1.36,1.315,0.813,0.999,1.284,2.299,1.062,2.293,1.392,0.9,1.025,1.043,0.565,1.449,2.193,0.196,1.057,0.558,0.694,1.4,0.0,1.015,0.667,1.602,1.513,1.277,0.738,1.436,0.588,0.754,1.21,0.906,1.272,0.597,1.174,1.494,0.951,1.585,0.599,1.053,0.889,1.54,0.867,1.118,1.36,1.632,0.834,0.729,1.132,1.075,1.296,0.974,0.714,1.039,1.184,0.505,1.762,0.954,1.045,1.015,2.098,1.492,1.322,1.734,0.399,1.785
56,33.55242531,130.4096537,22.91244316,14.0,57.0,86.0,5.0,1.934,1.596,1.433,1.049,1.106,0.761,0.492,0.941,1.219,1.7,0.66,0.6,0.53,0.845,1.032,0.466,1.736,0.95,1.627,1.459,1.977,0.916,0.679,0.389,1.166,0.813,1.084,1.012,0.893,0.487,1.265,0.662,1.513,0.867,1.258,0.927,0.881,0.55,0.451,0.44,1.866,1.541,1.86,0.959,0.701,0.592,1.522,0.742,1.016,1.76,0.913,0.365,1.037,1.173,0.429,1.015,0.0,0.629,1.169,1.079,0.56,1.057,1.003,0.719,1.073,0.777,1.225,0.839,0.348,0.741,1.061,0.517,0.693,0.918,1.532,1.369,1.107,1.347,1.597,0.926,1.198,0.298,0.286,0.17,0.642,0.302,0.541,0.446,0.606,1.664,0.404,1.329,1.433,0.384,0.365,1.665,1.059,0.282,1.301,0.583,1.352
57,33.55130813,130.4124239,14.91824818,6.0,26.0,82.0,5.0,1.599,1.352,1.189,0.805,0.862,1.702,1.996,2.459,0.579,1.456,0.941,1.906,0.314,0.294,0.393,0.222,1.492,0.706,0.988,0.819,1.337,0.672,1.703,2.182,0.922,0.569,0.84,0.768,0.253,0.43,1.021,0.417,1.269,0.623,1.014,0.683,0.637,0.136,0.322,0.607,1.622,0.901,1.616,0.715,0.223,0.348,0.882,0.102,0.772,1.516,1.916,2.222,0.397,0.534,0.767,0.667,0.629,0.0,0.925,0.835,1.179,0.417,0.759,0.079,0.433,0.533,0.585,0.595,2.091,0.497,0.817,0.273,0.908,0.278,0.892,0.729,0.863,0.707,0.958,0.682,0.954,2.247,2.142,0.455,0.398,0.788,0.297,2.127,0.362,1.024,1.999,1.085,0.793,2.458,0.337,1.421,0.815,0.814,1.057,1.984,1.108
58,33.54693335,130.4160002,26.29446793,14.0,58.0,108.0,5.0,2.535,0.743,0.58,0.239,1.397,2.638,2.931,4.047,1.515,0.847,1.477,2.842,1.25,0.655,1.328,0.703,0.884,0.143,1.923,1.754,2.273,0.196,2.639,3.118,0.356,1.105,1.376,1.304,1.189,0.97,0.413,0.406,0.661,1.159,0.406,1.219,1.173,0.76,0.862,1.147,1.013,1.837,1.007,1.251,0.659,0.669,1.818,1.037,1.307,0.435,2.852,3.158,1.333,1.469,1.307,1.602,1.169,0.925,0.0,1.269,1.612,1.251,0.647,0.913,1.266,0.376,0.603,0.254,2.925,0.485,1.25,0.707,1.342,1.112,1.726,1.562,1.297,1.54,1.791,1.116,0.644,3.08,2.976,0.893,0.832,1.226,0.731,2.961,0.796,1.857,2.833,0.477,1.627,3.292,0.775,0.445,0.206,1.252,0.525,2.818,0.5
59,33.54665268,130.4122631,20.57784271,14.0,2.0,92.0,5.0,2.445,1.798,1.634,1.251,0.759,2.548,2.842,3.21,1.425,1.902,0.838,2.752,1.16,1.047,1.238,0.668,1.938,1.152,1.833,1.665,2.183,1.118,2.549,3.028,1.368,0.604,0.359,0.665,1.099,0.88,1.467,0.863,1.715,0.521,1.46,0.142,0.535,0.756,0.772,0.796,2.068,1.747,2.061,0.203,0.902,0.793,1.728,0.948,0.35,1.094,2.762,3.555,1.243,1.379,0.891,1.513,1.079,0.835,1.269,0.0,1.076,1.263,0.167,0.925,1.279,0.502,1.431,0.564,2.937,0.466,0.18,0.562,0.805,1.124,1.738,1.575,0.76,1.553,1.803,0.58,0.176,3.093,2.988,0.905,0.535,0.913,0.587,2.973,0.585,1.87,2.845,1.054,1.639,1.619,0.788,1.39,0.784,0.938,0.225,2.83,1.077
60,33.54998332,130.4066508,25.01636124,14.0,41.0,88.0,5.0,2.196,2.141,1.978,1.594,0.438,1.023,1.093,0.252,2.183,2.245,0.282,0.862,1.503,1.39,1.582,1.011,2.282,1.495,2.177,2.423,2.499,1.461,0.941,0.662,1.711,0.947,0.905,0.411,1.442,0.441,1.81,1.207,2.058,0.641,1.803,0.923,0.627,1.099,1.116,0.264,2.411,2.09,2.405,0.956,1.246,1.137,2.278,1.291,1.012,1.756,1.175,0.967,1.586,1.723,0.22,1.277,0.56,1.179,1.612,1.076,0.0,1.606,1.243,1.268,1.622,1.322,1.775,1.384,1.098,1.286,1.057,0.905,0.315,1.467,2.081,1.918,0.928,1.896,2.147,0.509,1.195,1.048,0.943,0.51,0.878,0.403,0.931,0.778,0.928,2.213,1.421,1.874,1.982,0.247,0.705,2.21,1.604,0.429,1.298,1.141,1.897
61,33.55252809,130.4151066,15.42600822,12.0,60.0,108.0,5.0,1.671,1.78,1.616,1.233,1.29,1.774,2.067,2.53,0.651,1.883,1.369,1.977,0.385,0.376,0.464,0.65,1.92,1.134,1.059,0.89,1.408,1.1,1.775,2.253,1.35,0.997,1.268,1.196,0.325,0.858,0.545,0.845,1.697,1.051,1.442,1.111,1.065,0.563,0.75,1.035,2.05,0.972,2.043,1.143,0.65,0.775,0.953,0.316,1.2,1.943,1.988,2.294,0.468,0.605,1.195,0.738,1.057,0.417,1.251,1.263,1.606,0.0,1.186,0.338,0.269,0.961,0.308,1.023,2.163,0.925,1.244,0.701,1.336,0.225,0.451,0.8,1.291,0.372,1.029,1.11,1.382,2.318,2.213,0.883,0.826,1.216,0.725,2.198,0.79,1.095,2.071,0.564,0.865,2.529,0.765,1.849,1.243,1.242,1.485,2.056,1.536
62,33.5464453,130.4134536,23.85831451,10.0,18.0,110.0,5.0,2.368,1.397,1.233,0.85,0.926,2.472,2.765,3.378,1.348,1.501,1.006,2.675,1.083,0.646,1.162,0.536,1.537,0.642,1.757,1.588,2.106,0.717,2.472,2.951,0.967,0.771,0.526,0.833,1.022,0.804,1.066,0.462,1.314,0.688,1.059,0.31,0.702,0.594,0.695,0.98,1.667,1.67,1.66,0.371,0.501,0.503,1.651,0.871,0.517,0.496,2.686,2.991,1.166,1.303,1.14,1.436,1.003,0.759,0.647,0.167,1.243,1.186,0.0,0.848,1.202,0.578,1.214,0.64,2.861,0.542,0.365,0.643,1.277,1.047,1.661,1.498,1.232,1.476,1.727,1.051,0.361,3.016,2.911,0.828,0.767,1.162,0.666,2.896,0.731,1.793,2.768,1.13,1.562,3.227,0.711,1.466,0.86,1.187,0.287,2.753,1.153
63,33.55202994,130.4127656,14.98015881,13.0,4.0,58.0,5.0,1.52,1.441,1.278,0.895,0.951,1.623,1.917,2.38,0.5,1.545,1.03,1.827,0.235,0.279,0.314,0.312,1.582,0.795,0.909,0.74,1.258,0.762,1.624,2.103,1.012,0.659,0.93,0.857,0.174,0.52,1.111,0.507,1.359,0.713,1.104,0.772,0.727,0.225,0.412,0.696,1.711,0.822,1.705,0.805,0.312,0.437,0.803,0.023,0.861,1.605,1.837,2.143,0.318,0.455,0.856,0.588,0.719,0.079,0.913,0.925,1.268,0.338,0.848,0.0,0.285,0.622,0.506,0.685,2.012,0.586,0.906,0.363,0.997,0.199,0.813,0.65,0.953,0.628,0.879,0.772,1.044,2.168,2.063,0.544,0.487,0.878,0.386,2.048,0.452,0.945,1.92,1.175,0.714,2.379,0.427,1.51,0.904,0.903,1.147,1.905,1.198
64,33.55123527,130.4139269,14.99410629,8.0,69.0,106.0,5.0,1.686,1.795,1.632,1.249,1.305,1.789,2.083,2.546,0.666,1.899,1.384,1.993,0.401,0.252,0.479,0.666,1.936,1.149,1.074,0.906,1.424,1.115,1.79,2.269,0.364,1.012,1.284,1.211,0.34,0.874,0.673,0.861,1.712,1.067,1.457,1.126,1.081,0.579,0.765,1.05,2.065,0.988,2.059,1.158,0.32,0.791,0.969,0.331,1.215,1.959,2.003,2.309,0.484,0.62,1.21,0.754,1.073,0.433,1.266,1.279,1.622,0.269,1.202,0.285,0.0,0.844,0.437,0.906,2.178,0.271,1.127,0.584,1.219,0.24,0.579,0.816,1.174,0.794,1.044,0.993,1.265,2.334,2.229,0.766,0.709,1.099,0.608,2.214,0.673,1.111,2.086,0.692,0.88,2.545,0.648,1.732,1.126,1.125,1.368,2.071,1.419
65,33.54858277,130.4142042,20.85012627,14.0,59.0,107.0,5.0,2.143,1.05,0.886,0.503,1.005,2.246,2.539,3.654,1.123,1.153,1.084,2.449,0.857,0.298,0.936,0.31,1.19,0.309,1.531,1.362,1.88,0.37,2.247,2.725,0.62,0.712,0.984,0.911,0.797,0.578,0.719,0.115,0.967,0.767,0.712,0.826,0.781,0.368,0.47,0.754,1.32,1.444,1.313,0.858,0.266,0.277,1.425,0.645,0.915,0.541,2.46,2.765,0.94,1.077,0.914,1.21,0.777,0.533,0.376,0.502,1.322,0.961,0.578,0.622,0.844,0.0,0.867,0.293,2.635,0.195,0.96,0.417,1.051,0.821,1.435,1.272,1.006,1.25,1.501,0.826,1.098,2.79,2.685,0.602,0.541,0.936,0.44,2.67,0.505,1.567,2.543,0.783,1.337,3.001,0.485,1.119,0.513,0.961,0.631,2.527,0.806
66,33.55079006,130.4166557,23.34375954,12.0,6.0,59.0,5.0,1.839,1.03,0.867,0.362,1.458,1.942,2.235,2.699,0.819,1.134,1.537,2.145,0.554,0.467,0.632,0.818,1.171,0.821,1.227,1.058,1.576,0.648,1.943,2.422,0.248,1.165,1.436,1.364,0.493,1.026,0.236,0.752,0.947,1.219,0.692,1.279,1.233,0.732,0.918,1.203,1.3,1.141,1.294,1.311,0.903,0.914,1.122,0.484,1.368,2.112,2.156,2.462,0.636,0.773,1.363,0.906,1.225,0.585,0.603,1.431,1.775,0.308,1.214,0.506,0.437,0.867,0.0,0.71,2.331,0.479,1.413,0.869,1.504,0.393,0.283,0.968,1.459,0.946,1.197,1.278,1.55,2.486,2.382,1.051,0.994,1.384,0.893,2.367,0.958,1.263,2.239,0.255,1.033,2.697,0.933,1.099,0.493,1.41,1.653,2.224,0.786
67,33.54826945,130.4143762,22.00615883,12.0,65.0,97.0,5.0,2.205,0.893,0.729,0.346,1.067,2.308,2.601,3.717,1.185,0.996,1.147,2.512,0.92,0.325,0.998,0.373,1.033,0.111,1.593,1.424,1.943,0.048,2.309,2.788,0.463,0.775,1.046,0.974,0.859,0.64,0.562,0.178,0.81,0.829,0.555,0.889,0.843,0.43,0.532,0.817,1.163,1.507,1.156,0.921,0.329,0.339,1.488,0.707,0.977,0.47,2.522,2.828,1.003,1.139,0.977,1.272,0.839,0.595,0.254,0.564,1.384,1.023,0.64,0.685,0.906,0.293,0.71,0.0,2.697,0.221,1.022,0.479,1.114,0.884,1.498,1.334,1.069,1.312,1.563,0.888,1.16,2.852,2.748,0.665,0.603,0.998,0.503,2.733,0.568,1.629,2.605,0.626,1.399,3.064,0.547,0.962,0.356,1.024,1.263,2.59,0.649
68,33.55313105,130.4097317,22.25876236,7.0,37.0,85.0,5.0,1.598,3.454,3.29,2.907,1.478,0.402,0.246,0.811,1.585,3.558,1.546,0.341,1.899,2.292,1.804,2.324,3.594,2.808,2.097,1.824,1.9,2.774,0.422,0.04,3.024,2.671,2.942,1.451,1.926,0.657,3.123,2.519,3.371,2.725,3.116,2.785,2.739,2.238,2.424,0.61,3.724,2.01,3.718,2.817,2.325,2.45,1.679,1.99,2.874,3.618,0.495,0.234,1.695,1.643,0.917,0.597,0.348,2.091,2.925,2.937,1.098,2.163,2.861,2.012,2.178,2.635,2.331,2.697,0.0,2.611,2.931,2.388,1.578,2.036,2.014,1.747,3.345,1.828,1.976,1.615,3.069,0.167,0.155,0.832,2.512,0.726,2.411,0.363,2.477,2.042,0.145,3.2,1.811,0.445,2.452,3.535,2.929,0.751,3.172,0.324,3.223
69,33.54965035,130.4140587,17.95723724,7.0,13.0,99.0,5.0,2.107,0.978,0.814,0.431,0.969,2.21,2.503,3.618,1.086,1.082,1.048,2.413,0.821,0.104,0.9,0.274,1.118,0.332,1.495,1.326,1.844,0.298,2.211,2.689,0.328,0.676,0.948,0.875,0.761,0.542,0.647,0.079,0.895,0.731,0.64,0.79,0.745,0.332,0.434,0.718,1.248,1.408,1.241,0.822,0.23,0.241,1.389,0.609,0.879,0.649,2.424,2.729,0.904,1.041,0.878,1.174,0.741,0.497,0.485,0.466,1.286,0.925,0.542,0.586,0.271,0.195,0.479,0.221,2.611,0.0,0.924,0.381,1.015,0.785,1.399,1.236,0.97,1.214,1.465,0.79,1.062,2.754,2.649,0.566,0.505,0.9,0.404,2.634,0.469,1.531,2.507,0.711,1.301,2.965,0.449,1.047,0.441,0.925,1.164,2.491,0.734
70,33.54534624,130.4116729,20.71330261,7.0,3.0,24.0,5.0,2.426,1.779,1.616,1.232,0.74,2.53,2.823,3.113,1.406,1.883,0.819,2.733,1.141,1.028,1.22,0.649,1.92,1.133,1.815,1.646,2.164,1.099,2.53,3.009,1.349,0.585,0.334,0.647,1.08,0.862,1.448,0.845,1.696,0.502,1.441,0.242,0.516,0.737,0.754,0.777,2.049,1.728,2.043,0.102,0.884,0.775,1.709,0.929,0.252,0.996,2.744,3.458,1.224,1.361,0.872,1.494,1.061,0.817,1.25,0.18,1.057,1.244,0.365,0.906,1.127,0.96,1.413,1.022,2.931,0.924,0.0,0.543,0.787,1.105,1.719,1.556,0.742,1.534,1.785,0.561,0.254,3.074,2.969,0.886,0.516,0.894,0.569,2.954,0.566,1.851,2.826,1.512,1.62,1.6,0.769,1.848,1.242,0.919,0.24,2.811,1.535
71,33.54914955,130.4109294,16.14414787,7.0,55.0,99.0,5.0,1.883,1.236,1.072,0.689,0.588,1.986,2.28,3.237,0.863,1.34,0.667,2.19,0.598,0.485,0.676,0.106,1.376,0.59,1.271,1.103,1.621,0.556,1.987,2.466,0.806,0.296,0.567,0.495,0.537,0.318,0.905,0.301,1.153,0.35,0.898,0.409,0.364,0.194,0.21,0.625,1.506,1.185,1.5,0.442,0.34,0.232,1.166,0.386,0.498,1.242,2.2,2.506,0.681,0.817,0.655,0.951,0.517,0.273,0.707,0.562,0.905,0.701,0.643,0.363,0.584,0.417,0.869,0.479,2.388,0.381,0.543,0.0,0.635,0.562,1.176,1.013,0.59,0.991,1.241,0.409,0.681,2.531,2.426,0.343,0.124,0.676,0.104,2.411,0.089,1.308,2.283,0.969,1.077,2.742,0.226,1.305,0.699,0.702,0.784,2.268,0.992
72,33.54836505,130.4079305,23.5632534,11.0,52.0,75.0,5.0,2.518,1.87,1.707,1.324,0.167,1.503,1.574,0.567,1.498,1.974,0.033,1.343,1.233,1.119,1.311,0.741,2.011,1.224,1.906,1.737,2.255,1.191,1.421,1.619,1.441,0.677,0.635,0.14,1.172,0.43,1.54,0.936,1.788,0.371,1.533,0.653,0.357,0.828,0.845,0.253,2.14,1.82,2.134,0.685,0.975,0.866,1.801,1.02,0.742,1.486,1.655,1.447,1.315,1.452,0.477,1.585,0.693,0.908,1.342,0.805,0.315,1.336,1.277,0.997,1.219,1.051,1.504,1.114,1.578,1.015,0.787,0.635,0.0,1.196,1.811,1.647,0.658,1.625,1.876,0.239,0.924,1.463,1.358,0.571,0.607,0.499,0.66,1.193,0.657,1.942,1.837,1.604,1.712,1.015,0.86,1.939,1.333,0.525,1.027,1.556,1.627
73,33.55225255,130.4133541,14.1692152,12.0,18.0,106.0,5.0,1.531,1.64,1.477,1.094,1.15,1.634,1.928,2.391,0.511,1.744,1.229,1.838,0.246,0.478,0.325,0.511,1.781,0.994,0.92,0.751,1.269,0.961,1.635,2.114,1.21,0.857,1.129,1.056,0.185,0.719,1.309,0.706,1.558,0.912,1.302,0.971,0.926,0.424,0.611,0.895,1.91,0.833,1.904,1.003,0.511,0.636,0.814,0.176,1.06,1.804,1.848,2.154,0.329,0.466,1.055,0.599,0.918,0.278,1.112,1.124,1.467,0.225,1.047,0.199,0.24,0.821,0.393,0.884,2.036,0.785,1.105,0.562,1.196,0.0,0.535,0.661,1.152,0.639,0.89,0.971,1.243,2.179,2.074,0.743,0.686,1.077,0.585,2.059,0.65,0.956,1.931,1.374,0.725,2.39,0.626,1.709,1.103,1.102,1.345,1.916,1.396
74,33.55286814,130.4166098,18.48198509,12.0,19.0,41.0,5.0,1.509,2.255,2.091,0.645,1.764,1.612,1.906,2.369,0.489,2.358,1.844,1.816,0.7,1.093,0.41,1.125,2.395,1.609,0.145,0.672,1.247,1.575,1.613,2.092,0.531,1.472,1.743,1.671,0.727,1.333,0.476,1.32,2.172,1.526,1.917,1.586,1.54,1.038,1.225,1.51,2.524,0.155,2.518,1.618,1.125,1.25,0.792,0.79,1.674,2.418,1.826,2.132,0.495,0.359,1.669,1.053,1.532,0.892,1.726,1.738,2.081,0.451,1.661,0.813,0.579,1.435,0.283,1.498,2.014,1.399,1.719,1.176,1.811,0.535,0.0,0.582,1.766,0.185,0.81,1.585,1.857,2.157,2.052,1.357,1.3,1.691,1.199,2.037,1.265,0.877,1.909,0.495,0.646,2.368,1.24,2.324,1.718,1.717,1.96,1.894,2.011
75,33.5552586,130.4165223,13.29762459,15.0,50.0,120.0,5.0,1.242,2.091,1.928,1.545,1.601,1.345,1.639,2.102,0.15,2.195,1.68,1.549,0.537,0.929,0.441,0.962,2.232,1.445,0.677,0.09,0.451,1.411,1.346,1.825,1.661,1.308,1.58,1.507,0.563,1.17,1.76,1.157,2.008,1.363,1.753,1.422,1.377,0.875,1.061,1.346,0.942,0.59,0.948,1.454,0.962,1.087,0.525,0.627,1.511,2.255,1.559,1.865,0.332,0.28,1.506,0.889,1.369,0.729,1.562,1.575,1.918,0.8,1.498,0.65,0.816,1.272,0.968,1.334,1.747,1.236,1.556,1.013,1.647,0.661,0.582,0.0,1.602,0.396,0.229,1.422,1.694,1.89,1.785,1.194,1.137,1.528,1.036,1.77,1.101,0.296,1.642,1.824,0.066,2.101,1.077,2.16,1.554,1.553,1.796,1.627,1.847
76,33.54512835,130.4095516,17.7499218,5.0,62.0,115.0,5.0,2.473,1.826,1.662,1.279,0.611,2.576,2.869,2.869,1.453,1.929,0.69,3.109,1.188,1.074,1.266,0.696,1.966,1.18,1.861,1.692,2.21,1.146,2.577,3.385,1.396,0.632,0.023,0.518,1.127,0.908,1.495,0.891,1.743,0.287,1.488,0.608,0.301,0.784,0.8,0.824,2.095,1.775,2.089,0.64,0.93,0.821,1.756,0.975,0.697,1.441,2.79,3.214,1.27,1.407,0.919,1.54,1.107,0.863,1.297,0.76,0.928,1.291,1.232,0.953,1.174,1.006,1.459,1.069,3.345,0.97,0.742,0.59,0.658,1.152,1.766,1.602,0.0,1.58,1.831,0.432,0.495,3.12,3.016,0.933,0.563,0.94,0.615,3.001,0.612,1.897,2.873,1.559,1.667,2.882,0.815,1.895,1.289,0.966,0.598,2.858,1.582
77,33.55421689,130.4160705,13.48828602,5.0,5.0,75.0,5.0,1.324,2.069,1.906,1.523,1.579,1.427,1.72,2.183,0.304,2.173,1.658,1.63,0.515,0.907,0.225,0.94,2.21,1.423,0.281,0.486,1.061,1.389,1.428,1.906,1.639,1.286,1.558,1.485,0.541,1.148,1.738,1.135,1.986,1.341,1.731,1.4,1.355,0.853,1.039,1.324,2.339,0.194,2.333,1.432,0.94,1.065,0.607,0.605,1.489,2.233,1.641,1.947,0.31,0.173,1.484,0.867,1.347,0.707,1.54,1.553,1.896,0.372,1.476,0.628,0.794,1.25,0.946,1.312,1.828,1.214,1.534,0.991,1.625,0.639,0.185,0.396,1.58,0.0,0.625,1.4,1.672,1.971,1.866,1.172,1.115,1.506,1.014,1.851,1.079,0.691,1.724,1.802,0.461,2.182,1.055,2.138,1.532,1.531,1.774,1.709,1.825
78,33.55381404,130.4178214,19.05738449,14.0,54.0,113.0,5.0,1.471,2.32,2.157,1.773,1.83,1.574,1.867,2.331,0.378,2.424,1.909,1.778,0.766,1.158,0.67,1.19,2.46,1.674,0.712,0.139,0.704,1.64,1.575,2.054,1.89,1.537,1.808,1.736,0.792,1.398,1.989,1.386,2.237,1.591,1.982,1.651,1.605,1.104,1.29,1.575,0.818,0.819,0.824,1.683,1.191,1.316,0.754,0.856,1.74,2.484,1.788,2.094,0.561,0.509,1.735,1.118,1.597,0.958,1.791,1.803,2.147,1.029,1.727,0.879,1.044,1.501,1.197,1.563,1.976,1.465,1.785,1.241,1.876,0.89,0.81,0.229,1.831,0.625,0.0,1.65,1.922,2.118,2.014,1.423,1.366,1.756,1.265,1.999,1.33,0.549,1.871,2.053,0.318,2.329,1.306,2.389,1.783,1.782,2.025,1.856,2.076
79,33.54734569,130.408416,20.39506912,13.0,56.0,85.0,5.0,2.292,1.645,1.481,1.098,0.192,1.54,1.611,1.139,1.272,1.749,0.271,1.379,1.007,0.894,1.085,0.515,1.785,0.999,1.68,1.512,2.03,0.965,1.458,1.656,1.215,0.451,0.409,0.098,0.946,0.727,1.314,0.71,1.562,0.145,1.307,0.427,0.131,0.603,0.619,0.466,1.915,1.594,1.908,0.459,0.749,0.641,1.575,0.795,0.516,1.26,1.692,1.484,1.09,1.226,0.671,1.36,0.926,0.682,1.116,0.58,0.509,1.11,1.051,0.772,0.993,0.826,1.278,0.888,1.615,0.79,0.561,0.409,0.239,0.971,1.585,1.422,0.432,1.4,1.65,0.0,0.699,1.5,1.395,0.752,0.382,0.712,0.434,1.23,0.432,1.717,2.692,1.378,1.486,1.052,0.635,1.714,1.108,0.737,0.801,2.677,1.401
80,33.54565782,130.4119125,21.06262779,11.0,29.0,85.0,5.0,2.564,1.917,1.753,1.37,0.878,2.667,2.961,3.251,1.544,2.021,0.957,2.871,1.279,1.166,1.357,0.787,2.057,0.639,1.952,1.784,2.302,1.237,2.668,3.147,1.487,0.723,0.472,0.784,1.218,0.999,1.586,0.982,1.834,0.64,1.579,0.299,0.654,0.875,0.891,0.915,2.187,1.866,2.18,0.239,1.021,0.912,1.847,1.067,0.39,1.134,2.881,3.596,1.362,1.498,1.01,1.632,1.198,0.954,0.644,0.176,1.195,1.382,0.361,1.044,1.265,1.098,1.55,1.16,3.069,1.062,0.254,0.681,0.924,1.243,1.857,1.694,0.495,1.672,1.922,0.699,0.0,3.212,3.107,1.024,0.654,1.032,0.706,3.092,0.704,1.989,2.964,1.65,1.758,1.738,0.906,1.986,1.38,1.057,0.119,2.949,1.673
81,33.55277928,130.4087491,22.05077171,15.0,6.0,46.0,5.0,1.753,3.609,3.446,3.063,1.428,0.58,0.311,0.76,1.74,3.713,0.663,0.419,2.055,2.447,1.959,2.48,3.75,2.963,2.252,1.98,2.056,2.929,0.498,0.208,3.179,2.826,3.098,1.401,2.081,0.49,3.278,2.675,3.526,2.881,3.271,2.94,1.618,2.393,2.58,0.443,3.879,2.166,3.873,2.972,2.48,2.605,1.834,2.145,3.029,3.773,0.732,0.184,1.85,1.798,0.397,0.834,0.298,2.247,3.08,3.093,1.048,2.318,3.016,2.168,2.334,2.79,2.486,2.852,0.167,2.754,3.074,2.531,1.463,2.179,2.157,1.89,3.12,1.971,2.118,1.5,3.212,0.0,0.105,0.665,3.389,0.559,2.61,0.195,2.675,2.241,0.223,3.399,2.01,0.278,0.861,3.734,3.128,0.584,3.532,0.402,3.421
82,33.55334031,130.4085217,21.1467495,13.0,59.0,86.0,5.0,1.648,3.504,3.341,2.958,1.323,0.475,0.206,0.656,1.635,3.608,1.391,0.314,1.95,2.342,1.854,2.375,3.645,2.858,2.147,1.875,1.951,2.825,0.393,0.195,3.075,2.722,2.993,1.296,1.977,0.595,3.174,2.57,3.422,2.776,3.167,2.835,1.513,2.288,2.475,0.547,3.774,2.061,3.768,2.868,2.375,2.5,1.729,2.04,2.924,3.668,0.627,0.079,1.745,1.693,0.762,0.729,0.286,2.142,2.976,2.988,0.943,2.213,2.911,2.063,2.229,2.685,2.382,2.748,0.155,2.649,2.969,2.426,1.358,2.074,2.052,1.785,3.016,1.866,2.014,1.395,3.107,0.105,0.0,0.77,2.606,0.663,2.505,0.38,2.571,2.136,0.211,3.294,1.905,0.383,2.546,3.629,3.023,0.689,3.674,0.593,3.317
83,33.55104577,130.409922,22.11368561,10.0,22.0,88.0,5.0,2.065,1.421,1.258,0.875,0.931,2.168,2.461,0.487,1.044,1.525,0.538,0.988,0.779,0.67,0.858,0.292,1.562,0.775,1.453,1.284,1.802,0.742,2.169,0.873,0.992,0.639,0.91,0.837,0.719,0.323,1.091,0.487,1.339,0.693,1.084,0.752,0.707,0.375,0.276,0.318,1.691,1.366,1.685,0.785,0.526,0.417,1.347,0.567,0.841,1.585,2.382,0.849,0.862,0.999,0.307,1.132,0.17,0.455,0.893,0.905,0.51,0.883,0.828,0.544,0.766,0.602,1.051,0.665,0.832,0.566,0.886,0.343,0.571,0.743,1.357,1.194,0.933,1.172,1.423,0.752,1.024,0.665,0.77,0.0,0.467,0.329,0.366,0.604,0.432,1.489,2.465,1.155,1.259,0.541,0.191,1.49,0.884,0.354,1.127,2.449,1.178
84,33.54826711,130.410096,17.37260437,13.0,45.0,81.0,5.0,2.008,1.36,1.197,0.814,0.561,2.111,2.404,3.21,0.987,1.464,0.64,2.314,0.722,0.609,0.801,0.231,1.501,0.714,1.396,1.227,1.745,0.68,2.112,2.59,0.93,0.269,0.54,0.467,0.662,0.443,1.029,0.426,1.277,0.323,1.022,0.382,0.337,0.318,0.292,0.598,1.63,1.309,1.624,0.414,0.465,0.356,1.29,0.51,0.471,1.215,2.325,2.63,0.805,0.942,0.779,1.075,0.642,0.398,0.832,0.535,0.878,0.826,0.767,0.487,0.709,0.541,0.994,0.603,2.512,0.505,0.516,0.124,0.607,0.686,1.3,1.137,0.563,1.115,1.366,0.382,0.654,3.389,2.606,0.467,0.0,0.801,0.137,2.535,0.147,1.432,2.408,1.093,1.202,2.866,0.35,1.429,0.823,0.826,0.756,2.392,1.116
85,33.55110607,130.4089081,23.98521614,13.0,17.0,60.0,5.0,2.215,1.755,1.592,1.208,0.64,1.042,0.869,0.381,1.378,1.859,0.466,0.881,0.727,1.004,1.191,0.625,1.895,1.109,1.786,1.618,2.136,1.075,0.96,0.766,1.325,0.784,0.918,0.613,1.052,0.293,1.424,0.821,1.672,0.701,1.417,0.76,0.715,0.709,0.61,0.246,2.025,1.7,2.019,0.792,0.86,0.751,1.681,0.901,0.849,1.593,1.194,0.743,1.196,1.332,0.201,1.296,0.302,0.788,1.226,0.913,0.403,1.216,1.162,0.878,1.099,0.936,1.384,0.998,0.726,0.9,0.894,0.676,0.499,1.077,1.691,1.528,0.94,1.506,1.756,0.712,1.032,0.559,0.663,0.329,0.801,0.0,0.7,0.305,0.765,1.823,0.45,1.488,1.592,0.243,0.524,1.824,1.218,0.056,1.134,0.998,1.511
86,33.54944724,130.4102252,18.13785934,6.0,15.0,59.0,5.0,1.907,1.259,1.096,0.713,0.614,2.01,2.303,3.263,0.887,1.363,0.693,2.213,0.621,0.508,0.7,0.13,1.4,0.613,1.295,1.126,1.644,0.58,2.011,2.489,0.829,0.321,0.592,0.52,0.561,0.342,0.928,0.325,1.177,0.375,0.921,0.435,0.389,0.217,0.145,0.651,1.529,1.208,1.523,0.467,0.364,0.255,1.189,0.409,0.524,1.268,2.224,2.529,0.704,0.841,0.678,0.974,0.541,0.297,0.731,0.587,0.931,0.725,0.666,0.386,0.608,0.44,0.893,0.503,2.411,0.404,0.569,0.104,0.66,0.585,1.199,1.036,0.615,1.014,1.265,0.434,0.706,2.61,2.505,0.366,0.137,0.7,0.0,2.434,0.149,1.331,2.307,0.993,1.101,2.765,0.249,1.328,0.722,0.793,0.809,2.291,1.015
87,33.55342843,130.4080648,20.58781242,12.0,6.0,68.0,5.0,1.633,3.489,3.326,2.943,1.159,0.46,0.53,0.491,1.62,3.593,1.226,0.299,1.935,2.327,1.839,2.36,3.63,2.843,2.132,1.86,1.936,2.81,0.378,0.403,3.06,2.707,2.978,1.132,1.962,0.568,3.159,2.555,3.407,1.362,3.152,2.82,1.348,2.273,2.46,1.162,3.759,2.046,3.753,2.853,2.36,2.485,1.714,2.025,2.909,3.653,0.612,0.404,1.73,1.678,0.597,0.714,0.446,2.127,2.961,2.973,0.778,2.198,2.896,2.048,2.214,2.67,2.367,2.733,0.363,2.634,2.954,2.411,1.193,2.059,2.037,1.77,3.001,1.851,1.999,1.23,3.092,0.195,0.38,0.604,2.535,0.305,2.434,0.0,2.556,2.121,0.419,3.279,1.89,0.546,2.531,3.614,3.008,0.823,3.51,0.578,3.302
88,33.54857601,130.4109989,16.1037674,9.0,36.0,82.0,5.0,1.972,1.325,1.161,0.778,0.611,2.075,2.368,3.26,0.952,1.428,0.69,2.279,0.687,0.573,0.765,0.195,1.465,0.679,1.36,1.191,1.709,0.645,2.076,2.555,0.895,0.176,0.59,0.517,0.626,0.407,0.994,0.39,1.242,0.373,0.987,0.432,0.387,0.283,0.299,0.584,1.594,1.274,1.588,0.464,0.429,0.32,1.255,0.474,0.521,1.265,2.289,2.595,0.769,0.906,0.744,1.039,0.606,0.362,0.796,0.585,0.928,0.79,0.731,0.452,0.673,0.505,0.958,0.568,2.477,0.469,0.566,0.089,0.657,0.65,1.265,1.101,0.612,1.079,1.33,0.432,0.704,2.675,2.571,0.432,0.147,0.765,0.149,2.556,0.0,1.396,2.372,1.058,1.166,2.83,0.314,1.394,0.787,0.79,0.806,2.357,1.081
89,33.55584928,130.4192386,20.18331909,15.0,4.0,25.0,5.0,1.537,2.386,2.223,1.84,1.896,1.64,1.934,2.397,0.445,2.49,1.975,1.844,0.832,1.224,0.736,1.257,2.527,1.74,0.972,0.41,0.185,1.706,1.641,2.12,1.956,1.603,1.875,1.802,0.858,1.465,2.055,1.452,2.303,1.658,2.048,1.717,1.672,1.17,1.357,1.641,1.262,0.885,1.268,1.749,1.257,1.382,0.82,0.922,1.806,2.55,1.854,2.16,0.627,0.575,1.801,1.184,1.664,1.024,1.857,1.87,2.213,1.095,1.793,0.945,1.111,1.567,1.263,1.629,2.042,1.531,1.851,1.308,1.942,0.956,0.877,0.296,1.897,0.691,0.549,1.717,1.989,2.241,2.136,1.489,1.432,1.823,1.331,2.121,1.396,0.0,1.937,2.119,0.231,2.396,1.372,2.455,1.849,1.848,2.091,1.922,2.142
90,33.5539052,130.4087304,20.38394737,12.0,67.0,99.0,5.0,1.505,3.362,3.198,2.815,1.802,0.309,0.108,0.867,1.493,3.465,1.87,0.248,1.807,2.2,1.712,2.232,3.502,2.716,2.005,1.732,1.808,2.682,0.329,0.223,2.932,2.579,2.85,2.778,1.834,2.44,3.031,2.427,3.279,2.633,3.024,2.693,2.647,2.145,2.332,0.666,3.632,1.918,3.625,2.725,2.232,2.357,1.587,1.898,2.782,3.525,0.403,0.291,1.602,1.551,0.973,0.505,0.404,1.999,2.833,2.845,1.421,2.071,2.768,1.92,2.086,2.543,2.239,2.605,0.145,2.507,2.826,2.283,1.837,1.931,1.909,1.642,2.873,1.724,1.871,2.692,2.964,0.223,0.211,2.465,2.408,0.45,2.307,0.419,2.372,1.937,0.0,3.336,1.948,0.48,2.588,3.672,3.066,0.787,3.717,0.635,3.359
91,33.54916592,130.4177318,26.40772438,9.0,40.0,101.0,5.0,2.695,0.711,0.547,0.399,1.557,2.798,3.091,4.207,1.675,0.814,1.637,3.002,1.41,0.815,1.488,0.863,0.851,0.737,2.083,1.914,2.433,0.564,2.799,3.278,0.349,1.265,1.536,1.464,1.349,1.13,0.031,0.668,0.628,1.319,0.282,1.379,1.333,0.92,1.022,1.307,0.98,1.997,0.974,1.411,0.819,0.829,1.978,1.197,1.467,1.238,3.012,3.318,1.493,1.629,1.467,1.762,1.329,1.085,0.477,1.054,1.874,0.564,1.13,1.175,0.692,0.783,0.255,0.626,3.2,0.711,1.512,0.969,1.604,1.374,0.495,1.824,1.559,1.802,2.053,1.378,1.65,3.399,3.294,1.155,1.093,1.488,0.993,3.279,1.058,2.119,3.336,0.0,1.794,3.459,0.943,0.838,0.238,1.419,1.658,2.985,0.525
92,33.55601001,130.4168697,14.35881233,14.0,50.0,70.0,5.0,1.307,2.156,1.992,1.609,1.666,1.41,1.703,2.166,0.214,2.259,1.745,1.613,0.601,0.994,0.506,1.026,2.296,1.51,0.741,0.18,0.385,1.476,1.411,1.889,1.726,1.373,1.644,1.572,0.628,1.234,1.825,1.221,2.073,1.427,1.818,1.487,1.441,0.939,1.126,1.411,1.032,0.655,1.038,1.519,1.026,1.151,0.589,0.691,1.575,2.319,1.624,1.929,0.396,0.345,1.571,0.954,1.433,0.793,1.627,1.639,1.982,0.865,1.562,0.714,0.88,1.337,1.033,1.399,1.811,1.301,1.62,1.077,1.712,0.725,0.646,0.066,1.667,0.461,0.318,1.486,1.758,2.01,1.905,1.259,1.202,1.592,1.101,1.89,1.166,0.231,1.948,1.794,0.0,2.165,1.141,2.225,1.619,1.618,1.861,1.692,1.912
93,33.55166141,130.4076138,22.9080143,6.0,2.0,99.0,5.0,1.964,3.82,3.657,3.274,0.98,0.791,0.588,0.004,1.951,3.924,0.53,0.63,2.266,2.658,2.17,2.691,3.961,3.174,2.463,2.191,2.267,3.141,0.709,0.485,3.39,1.49,2.859,0.953,2.293,0.506,3.489,2.886,3.738,1.184,3.482,1.466,1.17,2.604,2.791,0.459,4.09,2.377,4.084,1.498,2.691,2.816,2.045,2.356,1.555,3.999,0.943,0.462,2.061,2.009,0.176,1.045,0.384,2.458,3.292,1.619,0.247,2.529,3.227,2.379,2.545,3.001,2.697,3.064,0.445,2.965,1.6,2.742,1.015,2.39,2.368,2.101,2.882,2.182,2.329,1.052,1.738,0.278,0.383,0.541,2.866,0.243,2.765,0.546,2.83,2.396,0.48,3.459,2.165,0.0,0.679,4.547,3.941,0.402,3.358,0.858,4.234
94,33.55081421,130.4101918,20.85126686,8.0,26.0,116.0,5.0,1.947,1.304,1.141,0.757,0.814,2.05,2.344,0.683,0.927,1.408,0.893,2.254,0.662,0.553,0.741,0.174,1.445,0.658,1.336,1.167,1.685,0.624,2.051,2.53,0.874,0.521,0.793,0.72,0.601,0.205,0.973,0.37,1.221,0.576,0.966,0.635,0.589,0.258,0.159,0.513,1.574,1.249,1.568,0.667,0.409,0.3,1.23,0.45,0.724,1.468,2.264,2.57,0.745,0.882,0.503,1.015,0.365,0.337,0.775,0.788,0.705,0.765,0.711,0.427,0.648,0.485,0.933,0.547,2.452,0.449,0.769,0.226,0.86,0.626,1.24,1.077,0.815,1.055,1.306,0.635,0.906,0.861,2.546,0.191,0.35,0.524,0.249,2.531,0.314,1.372,2.588,0.943,1.141,0.679,0.0,1.373,0.767,0.55,1.009,2.332,1.06
95,33.54502088,130.4166136,28.78024292,8.0,70.0,112.0,5.0,3.031,0.069,0.284,0.735,1.893,3.134,3.427,4.542,2.011,0.193,1.972,3.337,1.745,1.151,1.824,1.199,0.23,1.073,2.419,2.25,2.768,0.9,3.135,3.613,0.852,1.601,1.872,1.799,1.685,1.466,0.868,1.003,0.264,1.655,0.708,1.714,1.669,1.256,1.358,1.643,1.108,2.332,1.101,1.746,1.154,1.165,2.313,1.533,1.803,1.548,3.348,3.654,1.828,1.965,1.802,2.098,1.665,1.421,0.445,1.39,2.21,1.849,1.466,1.51,1.732,1.119,1.099,0.962,3.535,1.047,1.848,1.305,1.939,1.709,2.324,2.16,1.895,2.138,2.389,1.714,1.986,3.734,3.629,1.49,1.429,1.824,1.328,3.614,1.394,2.455,3.672,0.838,2.225,4.547,1.373,0.0,0.668,1.849,2.089,3.416,0.311
96,33.54767991,130.4172159,26.05794144,5.0,43.0,82.0,5.0,2.425,0.599,0.436,0.129,1.287,2.528,2.821,3.936,1.405,0.703,1.366,2.731,1.139,0.545,1.218,0.593,0.74,0.466,1.813,1.644,2.162,0.294,2.529,3.007,0.245,0.994,1.266,1.193,1.079,0.86,0.268,0.397,0.516,1.049,0.261,1.108,1.063,0.65,0.752,1.036,0.869,1.726,0.863,1.14,0.548,0.559,1.707,0.927,1.197,0.967,2.742,3.047,1.222,1.359,1.196,1.492,1.059,0.815,0.206,0.784,1.604,1.243,0.86,0.904,1.126,0.513,0.493,0.356,2.929,0.441,1.242,0.699,1.333,1.103,1.718,1.554,1.289,1.532,1.783,1.108,1.38,3.128,3.023,0.884,0.823,1.218,0.722,3.008,0.787,1.849,3.066,0.238,1.619,3.941,0.767,0.668,0.0,1.243,1.482,2.81,0.355
97,33.55153741,130.4085788,23.55636215,12.0,67.0,100.0,5.0,2.241,1.78,1.617,1.234,0.666,1.068,0.895,0.406,1.404,1.884,0.492,0.907,0.753,1.029,1.217,0.651,1.921,1.135,1.812,1.643,2.161,1.101,0.986,0.792,1.351,0.809,0.943,0.639,1.078,0.319,1.45,0.846,1.698,0.726,1.443,0.786,0.74,0.734,0.635,0.272,2.05,1.725,2.044,0.818,0.885,0.776,1.706,0.926,0.874,1.618,1.22,0.768,1.221,1.358,0.226,1.322,0.282,0.814,1.252,0.938,0.429,1.242,1.187,0.903,1.125,0.961,1.41,1.024,0.751,0.925,0.919,0.702,0.525,1.102,1.717,1.553,0.966,1.531,1.782,0.737,1.057,0.584,0.689,0.354,0.826,0.056,0.793,0.823,0.79,1.848,0.787,1.419,1.618,0.402,0.55,1.849,1.243,0.0,1.16,0.978,1.537
98,33.54575628,130.4129806,23.94628525,12.0,19.0,68.0,5.0,2.667,2.019,1.856,1.473,0.981,2.77,3.063,3.353,1.647,2.123,1.06,2.974,1.382,1.268,1.46,0.89,2.16,0.52,2.055,1.886,2.404,1.34,2.771,3.25,1.59,0.826,0.575,0.887,1.321,1.102,1.689,1.085,1.937,0.742,1.682,0.483,0.756,0.978,0.994,1.018,2.289,1.969,2.283,0.342,1.124,1.015,1.95,1.169,0.493,0.374,2.984,3.698,1.464,1.601,1.113,1.734,1.301,1.057,0.525,0.225,1.298,1.485,0.287,1.147,1.368,0.631,1.653,1.263,3.172,1.164,0.24,0.784,1.027,1.345,1.96,1.796,0.598,1.774,2.025,0.801,0.119,3.532,3.674,1.127,0.756,1.134,0.809,3.51,0.806,2.091,3.717,1.658,1.861,3.358,1.009,2.089,1.482,1.16,0.0,3.052,1.299
99,33.55518155,130.4085376,17.53698921,13.0,65.0,109.0,5.0,1.49,3.347,3.183,2.8,1.521,0.185,0.216,0.854,1.477,3.45,1.589,0.016,1.792,2.185,1.696,2.217,3.487,2.701,1.989,1.717,1.793,2.667,0.102,0.402,2.917,2.564,2.835,1.495,1.819,2.425,3.016,2.412,3.264,2.618,3.009,2.678,2.632,2.13,2.317,1.525,3.616,1.903,3.61,2.71,2.217,2.342,1.572,1.882,2.766,3.51,0.297,0.617,1.587,1.536,0.96,0.399,0.583,1.984,2.818,2.83,1.141,2.056,2.753,1.905,2.071,2.527,2.224,2.59,0.324,2.491,2.811,2.268,1.556,1.916,1.894,1.627,2.858,1.709,1.856,2.677,2.949,0.402,0.593,2.449,2.392,0.998,2.291,0.578,2.357,1.922,0.635,2.985,1.692,0.858,2.332,3.416,2.81,0.978,3.052,0.0,3.008
100,33.54613283,130.4184036,24.04041481,14.0,53.0,84.0,5.0,2.718,0.242,0.078,0.422,1.58,2.821,3.114,4.23,1.698,0.345,1.66,3.025,1.433,0.838,1.511,0.886,0.382,0.76,2.106,1.937,2.455,0.587,2.822,3.301,0.539,1.288,1.559,1.487,1.372,1.153,0.555,0.691,0.159,1.342,0.396,1.401,1.356,0.943,1.045,1.33,0.795,2.02,0.789,1.434,0.842,0.852,2.001,1.22,1.49,1.26,3.035,3.341,1.515,1.652,1.49,1.785,1.352,1.108,0.5,1.077,1.897,1.536,1.153,1.198,1.419,0.806,0.786,0.649,3.223,0.734,1.535,0.992,1.627,1.396,2.011,1.847,1.582,1.825,2.076,1.401,1.673,3.421,3.317,1.178,1.116,1.511,1.015,3.302,1.081,2.142,3.359,0.525,1.912,4.234,1.06,0.311,0.355,1.537,1.299,3.008,0.0
